Lattice Timing Report -  Setup  and Hold, Version Radiant Software (64-bit) 2026.1.0.37.0

Sat Sep 12 21:09:39 2026

Copyright (c) 1991-1994 by NeoCAD Inc. All rights reserved.
Copyright (c) 1995 AT&T Corp.   All rights reserved.
Copyright (c) 1995-2001 Lucent Technologies Inc.  All rights reserved.
Copyright (c) 2001 Agere Systems   All rights reserved.
Copyright (c) 2002-2026 Lattice Semiconductor Corporation,  All rights reserved.

Command line:    timing -sethld -v 10 -u 10 -endpoints 10 -nperend 1 -sp High-Performance_1.2V -hsp m -pwrprd -html -rpt lab2_kl_impl_1.twr lab2_kl_impl_1.udb -gui -msgset C:/Users/klatvakoski/Documents/GitHub/katie_multiplexer_lab2/Radiant_files/lab2_kl/promote.xml

-----------------------------------------
Design:          lab2_kl
Family:          iCE40UP
Device:          iCE40UP5K
Package:         SG48
Performance:     High-Performance_1.2V
Package Status:                     Preliminary    Version 1.5
**Performance Hardware Data Status :   Advanced Version 1.0
-----------------------------------------


=====================================================================
                    Table of Contents
=====================================================================
    1  Timing Overview
        1.1  SDC Constraints
        1.2  Constraint Coverage
        1.3  Overall Summary
        1.4  Unconstrained Report
        1.5  Combinational Loop
    2  Setup at Speed Grade High-Performance_1.2V Corner at 100 Degrees
        2.1  Clock Summary
        2.2  Endpoint slacks
        2.3  Detailed Report
    3  Hold at Speed Grade m Corner at -40 Degrees
        3.1  Endpoint slacks
        3.2  Detailed Report

=====================================================================
                    End of Table of Contents
=====================================================================

==============================================
1  Timing Overview
==============================================

1.1  SDC Constraints
=====================
create_clock -name {int_osc} -period 41.6667 [get_pins {hf_osc/CLKHF }] 

1.2  Constraint Coverage
---------------------------
Constraint Coverage: 60%


1.3  Overall Summary
---------------------------
 Setup at Speed Grade High-Performance_1.2V Corner at 100 Degrees     Timing Errors: 0 endpoints;  Total Negative Slack: 0.000 ns 
 Hold at Speed Grade m Corner at -40 Degrees                          Timing Errors: 0 endpoints;  Total Negative Slack: 0.000 ns 

1.4  Unconstrained Report
===========================

1.4.1  Unconstrained Start/End Points
--------------------------------------

Clocked but unconstrained timing start points
--------------------------------------------------
There is no start point satisfying reporting criteria


Clocked but unconstrained timing end points
-------------------------------------------------------------------
         Listing 10 End Points          |           Type           
-------------------------------------------------------------------
{counting/counter__i16/SP   counting/counter__i17/SP}                           
                                        |           No arrival time
{counting/counter__i16/SR   counting/counter__i17/SR}                           
                                        |           No arrival time
{counting/counter__i15/SP   counting/counter__i14/SP}                           
                                        |           No arrival time
{counting/counter__i15/SR   counting/counter__i14/SR}                           
                                        |           No arrival time
{counting/counter__i13/SP   counting/counter__i12/SP}                           
                                        |           No arrival time
{counting/counter__i13/SR   counting/counter__i12/SR}                           
                                        |           No arrival time
{counting/counter__i11/SP   counting/counter__i10/SP}                           
                                        |           No arrival time
{counting/counter__i11/SR   counting/counter__i10/SR}                           
                                        |           No arrival time
{counting/counter__i9/SP   counting/counter__i8/SP}                           
                                        |           No arrival time
{counting/counter__i9/SR   counting/counter__i8/SR}                           
                                        |           No arrival time
-------------------------------------------------------------------
                                        |                          
Number of unconstrained timing end poin |                          
ts                                      |                        20
                                        |                          
-------------------------------------------------------------------

1.4.2  Start/End Points Without Timing Constraints
---------------------------------------------------

I/O ports without constraint
----------------------------
Possible constraints to use on I/O ports are:
set_input_delay,
set_output_delay,
set_max_delay,
create_clock,
create_generated_clock,
...

-------------------------------------------------------------------
     Listing 10 Start or End Points     |           Type           
-------------------------------------------------------------------
reset                                   |                     input
enable                                  |                     input
dip1[3]                                 |                     input
dip1[2]                                 |                     input
dip1[1]                                 |                     input
dip1[0]                                 |                     input
dip2[3]                                 |                     input
dip2[2]                                 |                     input
dip2[1]                                 |                     input
dip2[0]                                 |                     input
-------------------------------------------------------------------
                                        |                          
Number of I/O ports without constraint  |                        19
                                        |                          
-------------------------------------------------------------------

Nets without clock definition
Define a clock on a top level port or a generated clock on a clock divider pin associated with this net(s).
--------------------------------------------------
There is no instance satisfying reporting criteria



1.5  Combinational Loop
========================
None

===============================================================
2  Setup at Speed Grade High-Performance_1.2V Corner at 100 Degrees
===============================================================

2.1  Clock Summary
=======================

2.1.1 Clock "int_osc"
=======================
create_clock -name {int_osc} -period 41.6667 [get_pins {hf_osc/CLKHF }] 

Single Clock Domain
-------------------------------------------------------------------------------------------------------
             Clock int_osc              |                    |       Period       |     Frequency      
-------------------------------------------------------------------------------------------------------
 From int_osc                           |             Target |          41.667 ns |         24.000 MHz 
                                        | Actual (all paths) |          20.792 ns |         48.095 MHz 
hf_osc/CLKHF (MPW)                      |   (50% duty cycle) |          20.792 ns |         48.095 MHz 
-------------------------------------------------------------------------------------------------------

Clock Domain Crossing

2.2  Endpoint slacks
=======================
-------------------------------------------------------
          Listing 10 End Points          |    Slack    
-------------------------------------------------------
counting/counter__i17/D                  |   27.758 ns 
counting/counter__i16/D                  |   28.035 ns 
counting/counter__i15/D                  |   28.312 ns 
counting/counter__i14/D                  |   29.144 ns 
counting/counter__i13/D                  |   29.421 ns 
counting/counter__i12/D                  |   29.698 ns 
counting/counter__i11/D                  |   29.975 ns 
counting/counter__i10/D                  |   30.252 ns 
counting/counter__i9/D                   |   30.529 ns 
counting/counter__i5/D                   |   30.604 ns 
-------------------------------------------------------
                                         |             
Setup # of endpoints with negative slack:|           0 
                                         |             
-------------------------------------------------------

2.3  Detailed Report
=======================


XXXXXXXXXXXXXXXXXXXXXXXXXXXXXXXXXXXXXXXXXXXXXXXXXXXXXXXXXX

Detail report of critical paths

XXXXXXXXXXXXXXXXXXXXXXXXXXXXXXXXXXXXXXXXXXXXXXXXXXXXXXXXXX

+++++++++++++++++++++++++++++++++++++++++++++++++++++++++++++++++++++ 
                    Detailed Report for timing paths 
+++++++++++++++++++++++++++++++++++++++++++++++++++++++++++++++++++++ 

++++ Path 1 ++++++++++++++++++++++++++++++++++++++++++++++++++++++++++ 

Path Begin       : counting/counter__i0/Q  (SLICE_R14C4B)
Path End         : counting/counter__i17/D  (SLICE_R13C6C)
Source Clock     : int_osc (R)
Destination Clock: int_osc (R)
Logic Level      : 20
Delay Ratio      : 48.2% (route), 51.8% (logic)
Clock Skew       : 0.000 ns 
Setup Constraint : 41.666 ns 
Path Slack       : 27.757 ns  (Passed)


Source Clock Path
Name                                      Cell/Site Name     Delay Name           Incr      Arrival/Required Time  Fanout  
----------------------------------------  -----------------  -------------------  --------  ---------------------  ------  
hf_osc/CLKHF                              HFOSC_HFOSC_R1C32  CLOCK LATENCY           0.000                  0.000  11      
counting/int_osc                                             NET DELAY               5.499                  5.499  11      
{counting/counter__i1/CK   counting/counter__i0/CK}
                                                             CLOCK PIN               0.000                  5.499  1       


Data Path
Name                                      Cell/Site Name     Delay Name           Incr      Arrival/Required Time  Fanout  
----------------------------------------  -----------------  -------------------  --------  ---------------------  ------  
counting/counter__i0/CK->counting/counter__i0/Q
                                          SLICE_R14C4B       CLK_TO_Q1_DELAY         1.388                  6.887  1       
counting/count[0]                                            NET DELAY               2.670                  9.557  1       
counting/add_11_add_5_1/B1->counting/add_11_add_5_1/CO1
                                          SLICE_R13C4A       B1_TO_COUT1_DELAY       0.357                  9.914  2       
counting/n302                                                NET DELAY               0.000                  9.914  2       
counting/add_11_add_5_3/CI0->counting/add_11_add_5_3/CO0
                                          SLICE_R13C4B       CIN0_TO_COUT0_DELAY     0.277                 10.191  2       
counting/n658                                                NET DELAY               0.000                 10.191  2       
counting/add_11_add_5_3/CI1->counting/add_11_add_5_3/CO1
                                          SLICE_R13C4B       CIN1_TO_COUT1_DELAY     0.277                 10.468  2       
counting/n304                                                NET DELAY               0.000                 10.468  2       
counting/add_11_add_5_5/CI0->counting/add_11_add_5_5/CO0
                                          SLICE_R13C4C       CIN0_TO_COUT0_DELAY     0.277                 10.745  2       
counting/n661                                                NET DELAY               0.000                 10.745  2       
counting/add_11_add_5_5/CI1->counting/add_11_add_5_5/CO1
                                          SLICE_R13C4C       CIN1_TO_COUT1_DELAY     0.277                 11.022  2       
counting/n306                                                NET DELAY               0.000                 11.022  2       
counting/add_11_add_5_7/CI0->counting/add_11_add_5_7/CO0
                                          SLICE_R13C4D       CIN0_TO_COUT0_DELAY     0.277                 11.299  2       
counting/n664                                                NET DELAY               0.000                 11.299  2       
counting/add_11_add_5_7/CI1->counting/add_11_add_5_7/CO1
                                          SLICE_R13C4D       CIN1_TO_COUT1_DELAY     0.277                 11.576  2       
counting/n308                                                NET DELAY               0.555                 12.131  2       
counting/add_11_add_5_9/CI0->counting/add_11_add_5_9/CO0
                                          SLICE_R13C5A       CIN0_TO_COUT0_DELAY     0.277                 12.408  2       
counting/n667                                                NET DELAY               0.000                 12.408  2       
counting/add_11_add_5_9/CI1->counting/add_11_add_5_9/CO1
                                          SLICE_R13C5A       CIN1_TO_COUT1_DELAY     0.277                 12.685  2       
counting/n310                                                NET DELAY               0.000                 12.685  2       
counting/add_11_add_5_11/CI0->counting/add_11_add_5_11/CO0
                                          SLICE_R13C5B       CIN0_TO_COUT0_DELAY     0.277                 12.962  2       
counting/n670                                                NET DELAY               0.000                 12.962  2       
counting/add_11_add_5_11/CI1->counting/add_11_add_5_11/CO1
                                          SLICE_R13C5B       CIN1_TO_COUT1_DELAY     0.277                 13.239  2       
counting/n312                                                NET DELAY               0.000                 13.239  2       
counting/add_11_add_5_13/CI0->counting/add_11_add_5_13/CO0
                                          SLICE_R13C5C       CIN0_TO_COUT0_DELAY     0.277                 13.516  2       
counting/n673                                                NET DELAY               0.000                 13.516  2       
counting/add_11_add_5_13/CI1->counting/add_11_add_5_13/CO1
                                          SLICE_R13C5C       CIN1_TO_COUT1_DELAY     0.277                 13.793  2       
counting/n314                                                NET DELAY               0.000                 13.793  2       
counting/add_11_add_5_15/CI0->counting/add_11_add_5_15/CO0
                                          SLICE_R13C5D       CIN0_TO_COUT0_DELAY     0.277                 14.070  2       
counting/n676                                                NET DELAY               0.000                 14.070  2       
counting/add_11_add_5_15/CI1->counting/add_11_add_5_15/CO1
                                          SLICE_R13C5D       CIN1_TO_COUT1_DELAY     0.277                 14.347  2       
counting/n316                                                NET DELAY               0.555                 14.902  2       
counting/add_11_add_5_17/CI0->counting/add_11_add_5_17/CO0
                                          SLICE_R13C6A       CIN0_TO_COUT0_DELAY     0.277                 15.179  2       
counting/n679                                                NET DELAY               0.000                 15.179  2       
counting/add_11_add_5_17/CI1->counting/add_11_add_5_17/CO1
                                          SLICE_R13C6A       CIN1_TO_COUT1_DELAY     0.277                 15.456  2       
counting/n318                                                NET DELAY               0.661                 16.117  2       
counting/add_11_add_5_19/D0->counting/add_11_add_5_19/S0
                                          SLICE_R13C6B       D0_TO_F0_DELAY          0.449                 16.566  1       
counting/n97[17]                                             NET DELAY               2.168                 18.734  1       
counting/i205_2_lut/A->counting/i205_2_lut/Z
                                          SLICE_R13C6C       D1_TO_F1_DELAY          0.476                 19.210  1       
counting/n39[17]                                             NET DELAY               0.000                 19.210  1       
counting/counter__i17/D                                      ENDPOINT                0.000                 19.210  1       


Destination Clock Path
Name                                      Cell/Site Name     Delay Name           Incr      Arrival/Required Time  Fanout  
----------------------------------------  -----------------  -------------------  --------  ---------------------  ------  
                                                             CONSTRAINT              0.000                 41.666  1       
hf_osc/CLKHF                              HFOSC_HFOSC_R1C32  CLOCK LATENCY           0.000                 41.666  11      
counting/int_osc                                             NET DELAY               5.499                 47.165  11      
{counting/counter__i16/CK   counting/counter__i17/CK}
                                                             CLOCK PIN               0.000                 47.165  1       
                                                             Uncertainty          -(0.000)                 47.165  
                                                             Setup time           -(0.198)                 46.967  
----------------------------------------  -----------------  -------------------  --------  ---------------------  ------  
Required Time                                                                                              46.967  
Arrival Time                                                                                            -(19.209)  
----------------------------------------  -----------------  -------------------  --------  ---------------------  ------  
Path Slack  (Passed)                                                                                       27.757  




++++ Path 2 ++++++++++++++++++++++++++++++++++++++++++++++++++++++++++ 

Path Begin       : counting/counter__i0/Q  (SLICE_R14C4B)
Path End         : counting/counter__i16/D  (SLICE_R13C6C)
Source Clock     : int_osc (R)
Destination Clock: int_osc (R)
Logic Level      : 19
Delay Ratio      : 49.2% (route), 50.8% (logic)
Clock Skew       : 0.000 ns 
Setup Constraint : 41.666 ns 
Path Slack       : 28.034 ns  (Passed)


Source Clock Path
Name                                      Cell/Site Name     Delay Name           Incr      Arrival/Required Time  Fanout  
----------------------------------------  -----------------  -------------------  --------  ---------------------  ------  
hf_osc/CLKHF                              HFOSC_HFOSC_R1C32  CLOCK LATENCY           0.000                  0.000  11      
counting/int_osc                                             NET DELAY               5.499                  5.499  11      
{counting/counter__i1/CK   counting/counter__i0/CK}
                                                             CLOCK PIN               0.000                  5.499  1       


Data Path
Name                                      Cell/Site Name     Delay Name           Incr      Arrival/Required Time  Fanout  
----------------------------------------  -----------------  -------------------  --------  ---------------------  ------  
counting/counter__i0/CK->counting/counter__i0/Q
                                          SLICE_R14C4B       CLK_TO_Q1_DELAY         1.388                  6.887  1       
counting/count[0]                                            NET DELAY               2.670                  9.557  1       
counting/add_11_add_5_1/B1->counting/add_11_add_5_1/CO1
                                          SLICE_R13C4A       B1_TO_COUT1_DELAY       0.357                  9.914  2       
counting/n302                                                NET DELAY               0.000                  9.914  2       
counting/add_11_add_5_3/CI0->counting/add_11_add_5_3/CO0
                                          SLICE_R13C4B       CIN0_TO_COUT0_DELAY     0.277                 10.191  2       
counting/n658                                                NET DELAY               0.000                 10.191  2       
counting/add_11_add_5_3/CI1->counting/add_11_add_5_3/CO1
                                          SLICE_R13C4B       CIN1_TO_COUT1_DELAY     0.277                 10.468  2       
counting/n304                                                NET DELAY               0.000                 10.468  2       
counting/add_11_add_5_5/CI0->counting/add_11_add_5_5/CO0
                                          SLICE_R13C4C       CIN0_TO_COUT0_DELAY     0.277                 10.745  2       
counting/n661                                                NET DELAY               0.000                 10.745  2       
counting/add_11_add_5_5/CI1->counting/add_11_add_5_5/CO1
                                          SLICE_R13C4C       CIN1_TO_COUT1_DELAY     0.277                 11.022  2       
counting/n306                                                NET DELAY               0.000                 11.022  2       
counting/add_11_add_5_7/CI0->counting/add_11_add_5_7/CO0
                                          SLICE_R13C4D       CIN0_TO_COUT0_DELAY     0.277                 11.299  2       
counting/n664                                                NET DELAY               0.000                 11.299  2       
counting/add_11_add_5_7/CI1->counting/add_11_add_5_7/CO1
                                          SLICE_R13C4D       CIN1_TO_COUT1_DELAY     0.277                 11.576  2       
counting/n308                                                NET DELAY               0.555                 12.131  2       
counting/add_11_add_5_9/CI0->counting/add_11_add_5_9/CO0
                                          SLICE_R13C5A       CIN0_TO_COUT0_DELAY     0.277                 12.408  2       
counting/n667                                                NET DELAY               0.000                 12.408  2       
counting/add_11_add_5_9/CI1->counting/add_11_add_5_9/CO1
                                          SLICE_R13C5A       CIN1_TO_COUT1_DELAY     0.277                 12.685  2       
counting/n310                                                NET DELAY               0.000                 12.685  2       
counting/add_11_add_5_11/CI0->counting/add_11_add_5_11/CO0
                                          SLICE_R13C5B       CIN0_TO_COUT0_DELAY     0.277                 12.962  2       
counting/n670                                                NET DELAY               0.000                 12.962  2       
counting/add_11_add_5_11/CI1->counting/add_11_add_5_11/CO1
                                          SLICE_R13C5B       CIN1_TO_COUT1_DELAY     0.277                 13.239  2       
counting/n312                                                NET DELAY               0.000                 13.239  2       
counting/add_11_add_5_13/CI0->counting/add_11_add_5_13/CO0
                                          SLICE_R13C5C       CIN0_TO_COUT0_DELAY     0.277                 13.516  2       
counting/n673                                                NET DELAY               0.000                 13.516  2       
counting/add_11_add_5_13/CI1->counting/add_11_add_5_13/CO1
                                          SLICE_R13C5C       CIN1_TO_COUT1_DELAY     0.277                 13.793  2       
counting/n314                                                NET DELAY               0.000                 13.793  2       
counting/add_11_add_5_15/CI0->counting/add_11_add_5_15/CO0
                                          SLICE_R13C5D       CIN0_TO_COUT0_DELAY     0.277                 14.070  2       
counting/n676                                                NET DELAY               0.000                 14.070  2       
counting/add_11_add_5_15/CI1->counting/add_11_add_5_15/CO1
                                          SLICE_R13C5D       CIN1_TO_COUT1_DELAY     0.277                 14.347  2       
counting/n316                                                NET DELAY               0.555                 14.902  2       
counting/add_11_add_5_17/CI0->counting/add_11_add_5_17/CO0
                                          SLICE_R13C6A       CIN0_TO_COUT0_DELAY     0.277                 15.179  2       
counting/n679                                                NET DELAY               0.661                 15.840  2       
counting/add_11_add_5_17/D1->counting/add_11_add_5_17/S1
                                          SLICE_R13C6A       D1_TO_F1_DELAY          0.449                 16.289  1       
counting/n97[16]                                             NET DELAY               2.168                 18.457  1       
counting/i206_2_lut/A->counting/i206_2_lut/Z
                                          SLICE_R13C6C       D0_TO_F0_DELAY          0.476                 18.933  1       
counting/n39[16]                                             NET DELAY               0.000                 18.933  1       
counting/counter__i16/D                                      ENDPOINT                0.000                 18.933  1       


Destination Clock Path
Name                                      Cell/Site Name     Delay Name           Incr      Arrival/Required Time  Fanout  
----------------------------------------  -----------------  -------------------  --------  ---------------------  ------  
                                                             CONSTRAINT              0.000                 41.666  1       
hf_osc/CLKHF                              HFOSC_HFOSC_R1C32  CLOCK LATENCY           0.000                 41.666  11      
counting/int_osc                                             NET DELAY               5.499                 47.165  11      
{counting/counter__i16/CK   counting/counter__i17/CK}
                                                             CLOCK PIN               0.000                 47.165  1       
                                                             Uncertainty          -(0.000)                 47.165  
                                                             Setup time           -(0.198)                 46.967  
----------------------------------------  -----------------  -------------------  --------  ---------------------  ------  
Required Time                                                                                              46.967  
Arrival Time                                                                                            -(18.932)  
----------------------------------------  -----------------  -------------------  --------  ---------------------  ------  
Path Slack  (Passed)                                                                                       28.034  




++++ Path 3 ++++++++++++++++++++++++++++++++++++++++++++++++++++++++++ 

Path Begin       : counting/counter__i0/Q  (SLICE_R14C4B)
Path End         : counting/counter__i15/D  (SLICE_R13C6D)
Source Clock     : int_osc (R)
Destination Clock: int_osc (R)
Logic Level      : 18
Delay Ratio      : 50.2% (route), 49.8% (logic)
Clock Skew       : 0.000 ns 
Setup Constraint : 41.666 ns 
Path Slack       : 28.311 ns  (Passed)


Source Clock Path
Name                                      Cell/Site Name     Delay Name           Incr      Arrival/Required Time  Fanout  
----------------------------------------  -----------------  -------------------  --------  ---------------------  ------  
hf_osc/CLKHF                              HFOSC_HFOSC_R1C32  CLOCK LATENCY           0.000                  0.000  11      
counting/int_osc                                             NET DELAY               5.499                  5.499  11      
{counting/counter__i1/CK   counting/counter__i0/CK}
                                                             CLOCK PIN               0.000                  5.499  1       


Data Path
Name                                      Cell/Site Name     Delay Name           Incr      Arrival/Required Time  Fanout  
----------------------------------------  -----------------  -------------------  --------  ---------------------  ------  
counting/counter__i0/CK->counting/counter__i0/Q
                                          SLICE_R14C4B       CLK_TO_Q1_DELAY         1.388                  6.887  1       
counting/count[0]                                            NET DELAY               2.670                  9.557  1       
counting/add_11_add_5_1/B1->counting/add_11_add_5_1/CO1
                                          SLICE_R13C4A       B1_TO_COUT1_DELAY       0.357                  9.914  2       
counting/n302                                                NET DELAY               0.000                  9.914  2       
counting/add_11_add_5_3/CI0->counting/add_11_add_5_3/CO0
                                          SLICE_R13C4B       CIN0_TO_COUT0_DELAY     0.277                 10.191  2       
counting/n658                                                NET DELAY               0.000                 10.191  2       
counting/add_11_add_5_3/CI1->counting/add_11_add_5_3/CO1
                                          SLICE_R13C4B       CIN1_TO_COUT1_DELAY     0.277                 10.468  2       
counting/n304                                                NET DELAY               0.000                 10.468  2       
counting/add_11_add_5_5/CI0->counting/add_11_add_5_5/CO0
                                          SLICE_R13C4C       CIN0_TO_COUT0_DELAY     0.277                 10.745  2       
counting/n661                                                NET DELAY               0.000                 10.745  2       
counting/add_11_add_5_5/CI1->counting/add_11_add_5_5/CO1
                                          SLICE_R13C4C       CIN1_TO_COUT1_DELAY     0.277                 11.022  2       
counting/n306                                                NET DELAY               0.000                 11.022  2       
counting/add_11_add_5_7/CI0->counting/add_11_add_5_7/CO0
                                          SLICE_R13C4D       CIN0_TO_COUT0_DELAY     0.277                 11.299  2       
counting/n664                                                NET DELAY               0.000                 11.299  2       
counting/add_11_add_5_7/CI1->counting/add_11_add_5_7/CO1
                                          SLICE_R13C4D       CIN1_TO_COUT1_DELAY     0.277                 11.576  2       
counting/n308                                                NET DELAY               0.555                 12.131  2       
counting/add_11_add_5_9/CI0->counting/add_11_add_5_9/CO0
                                          SLICE_R13C5A       CIN0_TO_COUT0_DELAY     0.277                 12.408  2       
counting/n667                                                NET DELAY               0.000                 12.408  2       
counting/add_11_add_5_9/CI1->counting/add_11_add_5_9/CO1
                                          SLICE_R13C5A       CIN1_TO_COUT1_DELAY     0.277                 12.685  2       
counting/n310                                                NET DELAY               0.000                 12.685  2       
counting/add_11_add_5_11/CI0->counting/add_11_add_5_11/CO0
                                          SLICE_R13C5B       CIN0_TO_COUT0_DELAY     0.277                 12.962  2       
counting/n670                                                NET DELAY               0.000                 12.962  2       
counting/add_11_add_5_11/CI1->counting/add_11_add_5_11/CO1
                                          SLICE_R13C5B       CIN1_TO_COUT1_DELAY     0.277                 13.239  2       
counting/n312                                                NET DELAY               0.000                 13.239  2       
counting/add_11_add_5_13/CI0->counting/add_11_add_5_13/CO0
                                          SLICE_R13C5C       CIN0_TO_COUT0_DELAY     0.277                 13.516  2       
counting/n673                                                NET DELAY               0.000                 13.516  2       
counting/add_11_add_5_13/CI1->counting/add_11_add_5_13/CO1
                                          SLICE_R13C5C       CIN1_TO_COUT1_DELAY     0.277                 13.793  2       
counting/n314                                                NET DELAY               0.000                 13.793  2       
counting/add_11_add_5_15/CI0->counting/add_11_add_5_15/CO0
                                          SLICE_R13C5D       CIN0_TO_COUT0_DELAY     0.277                 14.070  2       
counting/n676                                                NET DELAY               0.000                 14.070  2       
counting/add_11_add_5_15/CI1->counting/add_11_add_5_15/CO1
                                          SLICE_R13C5D       CIN1_TO_COUT1_DELAY     0.277                 14.347  2       
counting/n316                                                NET DELAY               1.216                 15.563  2       
counting/add_11_add_5_17/D0->counting/add_11_add_5_17/S0
                                          SLICE_R13C6A       D0_TO_F0_DELAY          0.449                 16.012  1       
counting/n97[15]                                             NET DELAY               2.168                 18.180  1       
counting/i207_2_lut/A->counting/i207_2_lut/Z
                                          SLICE_R13C6D       D0_TO_F0_DELAY          0.476                 18.656  1       
counting/n39[15]                                             NET DELAY               0.000                 18.656  1       
counting/counter__i15/D                                      ENDPOINT                0.000                 18.656  1       


Destination Clock Path
Name                                      Cell/Site Name     Delay Name           Incr      Arrival/Required Time  Fanout  
----------------------------------------  -----------------  -------------------  --------  ---------------------  ------  
                                                             CONSTRAINT              0.000                 41.666  1       
hf_osc/CLKHF                              HFOSC_HFOSC_R1C32  CLOCK LATENCY           0.000                 41.666  11      
counting/int_osc                                             NET DELAY               5.499                 47.165  11      
{counting/counter__i15/CK   counting/counter__i14/CK}
                                                             CLOCK PIN               0.000                 47.165  1       
                                                             Uncertainty          -(0.000)                 47.165  
                                                             Setup time           -(0.198)                 46.967  
----------------------------------------  -----------------  -------------------  --------  ---------------------  ------  
Required Time                                                                                              46.967  
Arrival Time                                                                                            -(18.655)  
----------------------------------------  -----------------  -------------------  --------  ---------------------  ------  
Path Slack  (Passed)                                                                                       28.311  




++++ Path 4 ++++++++++++++++++++++++++++++++++++++++++++++++++++++++++ 

Path Begin       : counting/counter__i0/Q  (SLICE_R14C4B)
Path End         : counting/counter__i14/D  (SLICE_R13C6D)
Source Clock     : int_osc (R)
Destination Clock: int_osc (R)
Logic Level      : 17
Delay Ratio      : 49.1% (route), 50.9% (logic)
Clock Skew       : 0.000 ns 
Setup Constraint : 41.666 ns 
Path Slack       : 29.143 ns  (Passed)


Source Clock Path
Name                                      Cell/Site Name     Delay Name           Incr      Arrival/Required Time  Fanout  
----------------------------------------  -----------------  -------------------  --------  ---------------------  ------  
hf_osc/CLKHF                              HFOSC_HFOSC_R1C32  CLOCK LATENCY           0.000                  0.000  11      
counting/int_osc                                             NET DELAY               5.499                  5.499  11      
{counting/counter__i1/CK   counting/counter__i0/CK}
                                                             CLOCK PIN               0.000                  5.499  1       


Data Path
Name                                      Cell/Site Name     Delay Name           Incr      Arrival/Required Time  Fanout  
----------------------------------------  -----------------  -------------------  --------  ---------------------  ------  
counting/counter__i0/CK->counting/counter__i0/Q
                                          SLICE_R14C4B       CLK_TO_Q1_DELAY         1.388                  6.887  1       
counting/count[0]                                            NET DELAY               2.670                  9.557  1       
counting/add_11_add_5_1/B1->counting/add_11_add_5_1/CO1
                                          SLICE_R13C4A       B1_TO_COUT1_DELAY       0.357                  9.914  2       
counting/n302                                                NET DELAY               0.000                  9.914  2       
counting/add_11_add_5_3/CI0->counting/add_11_add_5_3/CO0
                                          SLICE_R13C4B       CIN0_TO_COUT0_DELAY     0.277                 10.191  2       
counting/n658                                                NET DELAY               0.000                 10.191  2       
counting/add_11_add_5_3/CI1->counting/add_11_add_5_3/CO1
                                          SLICE_R13C4B       CIN1_TO_COUT1_DELAY     0.277                 10.468  2       
counting/n304                                                NET DELAY               0.000                 10.468  2       
counting/add_11_add_5_5/CI0->counting/add_11_add_5_5/CO0
                                          SLICE_R13C4C       CIN0_TO_COUT0_DELAY     0.277                 10.745  2       
counting/n661                                                NET DELAY               0.000                 10.745  2       
counting/add_11_add_5_5/CI1->counting/add_11_add_5_5/CO1
                                          SLICE_R13C4C       CIN1_TO_COUT1_DELAY     0.277                 11.022  2       
counting/n306                                                NET DELAY               0.000                 11.022  2       
counting/add_11_add_5_7/CI0->counting/add_11_add_5_7/CO0
                                          SLICE_R13C4D       CIN0_TO_COUT0_DELAY     0.277                 11.299  2       
counting/n664                                                NET DELAY               0.000                 11.299  2       
counting/add_11_add_5_7/CI1->counting/add_11_add_5_7/CO1
                                          SLICE_R13C4D       CIN1_TO_COUT1_DELAY     0.277                 11.576  2       
counting/n308                                                NET DELAY               0.555                 12.131  2       
counting/add_11_add_5_9/CI0->counting/add_11_add_5_9/CO0
                                          SLICE_R13C5A       CIN0_TO_COUT0_DELAY     0.277                 12.408  2       
counting/n667                                                NET DELAY               0.000                 12.408  2       
counting/add_11_add_5_9/CI1->counting/add_11_add_5_9/CO1
                                          SLICE_R13C5A       CIN1_TO_COUT1_DELAY     0.277                 12.685  2       
counting/n310                                                NET DELAY               0.000                 12.685  2       
counting/add_11_add_5_11/CI0->counting/add_11_add_5_11/CO0
                                          SLICE_R13C5B       CIN0_TO_COUT0_DELAY     0.277                 12.962  2       
counting/n670                                                NET DELAY               0.000                 12.962  2       
counting/add_11_add_5_11/CI1->counting/add_11_add_5_11/CO1
                                          SLICE_R13C5B       CIN1_TO_COUT1_DELAY     0.277                 13.239  2       
counting/n312                                                NET DELAY               0.000                 13.239  2       
counting/add_11_add_5_13/CI0->counting/add_11_add_5_13/CO0
                                          SLICE_R13C5C       CIN0_TO_COUT0_DELAY     0.277                 13.516  2       
counting/n673                                                NET DELAY               0.000                 13.516  2       
counting/add_11_add_5_13/CI1->counting/add_11_add_5_13/CO1
                                          SLICE_R13C5C       CIN1_TO_COUT1_DELAY     0.277                 13.793  2       
counting/n314                                                NET DELAY               0.000                 13.793  2       
counting/add_11_add_5_15/CI0->counting/add_11_add_5_15/CO0
                                          SLICE_R13C5D       CIN0_TO_COUT0_DELAY     0.277                 14.070  2       
counting/n676                                                NET DELAY               0.661                 14.731  2       
counting/add_11_add_5_15/D1->counting/add_11_add_5_15/S1
                                          SLICE_R13C5D       D1_TO_F1_DELAY          0.449                 15.180  1       
counting/n97[14]                                             NET DELAY               2.168                 17.348  1       
counting/i208_2_lut/A->counting/i208_2_lut/Z
                                          SLICE_R13C6D       D1_TO_F1_DELAY          0.476                 17.824  1       
counting/n39[14]                                             NET DELAY               0.000                 17.824  1       
counting/counter__i14/D                                      ENDPOINT                0.000                 17.824  1       


Destination Clock Path
Name                                      Cell/Site Name     Delay Name           Incr      Arrival/Required Time  Fanout  
----------------------------------------  -----------------  -------------------  --------  ---------------------  ------  
                                                             CONSTRAINT              0.000                 41.666  1       
hf_osc/CLKHF                              HFOSC_HFOSC_R1C32  CLOCK LATENCY           0.000                 41.666  11      
counting/int_osc                                             NET DELAY               5.499                 47.165  11      
{counting/counter__i15/CK   counting/counter__i14/CK}
                                                             CLOCK PIN               0.000                 47.165  1       
                                                             Uncertainty          -(0.000)                 47.165  
                                                             Setup time           -(0.198)                 46.967  
----------------------------------------  -----------------  -------------------  --------  ---------------------  ------  
Required Time                                                                                              46.967  
Arrival Time                                                                                            -(17.823)  
----------------------------------------  -----------------  -------------------  --------  ---------------------  ------  
Path Slack  (Passed)                                                                                       29.143  




++++ Path 5 ++++++++++++++++++++++++++++++++++++++++++++++++++++++++++ 

Path Begin       : counting/counter__i0/Q  (SLICE_R14C4B)
Path End         : counting/counter__i13/D  (SLICE_R12C6A)
Source Clock     : int_osc (R)
Destination Clock: int_osc (R)
Logic Level      : 16
Delay Ratio      : 50.2% (route), 49.8% (logic)
Clock Skew       : 0.000 ns 
Setup Constraint : 41.666 ns 
Path Slack       : 29.420 ns  (Passed)


Source Clock Path
Name                                      Cell/Site Name     Delay Name           Incr      Arrival/Required Time  Fanout  
----------------------------------------  -----------------  -------------------  --------  ---------------------  ------  
hf_osc/CLKHF                              HFOSC_HFOSC_R1C32  CLOCK LATENCY           0.000                  0.000  11      
counting/int_osc                                             NET DELAY               5.499                  5.499  11      
{counting/counter__i1/CK   counting/counter__i0/CK}
                                                             CLOCK PIN               0.000                  5.499  1       


Data Path
Name                                      Cell/Site Name     Delay Name           Incr      Arrival/Required Time  Fanout  
----------------------------------------  -----------------  -------------------  --------  ---------------------  ------  
counting/counter__i0/CK->counting/counter__i0/Q
                                          SLICE_R14C4B       CLK_TO_Q1_DELAY         1.388                  6.887  1       
counting/count[0]                                            NET DELAY               2.670                  9.557  1       
counting/add_11_add_5_1/B1->counting/add_11_add_5_1/CO1
                                          SLICE_R13C4A       B1_TO_COUT1_DELAY       0.357                  9.914  2       
counting/n302                                                NET DELAY               0.000                  9.914  2       
counting/add_11_add_5_3/CI0->counting/add_11_add_5_3/CO0
                                          SLICE_R13C4B       CIN0_TO_COUT0_DELAY     0.277                 10.191  2       
counting/n658                                                NET DELAY               0.000                 10.191  2       
counting/add_11_add_5_3/CI1->counting/add_11_add_5_3/CO1
                                          SLICE_R13C4B       CIN1_TO_COUT1_DELAY     0.277                 10.468  2       
counting/n304                                                NET DELAY               0.000                 10.468  2       
counting/add_11_add_5_5/CI0->counting/add_11_add_5_5/CO0
                                          SLICE_R13C4C       CIN0_TO_COUT0_DELAY     0.277                 10.745  2       
counting/n661                                                NET DELAY               0.000                 10.745  2       
counting/add_11_add_5_5/CI1->counting/add_11_add_5_5/CO1
                                          SLICE_R13C4C       CIN1_TO_COUT1_DELAY     0.277                 11.022  2       
counting/n306                                                NET DELAY               0.000                 11.022  2       
counting/add_11_add_5_7/CI0->counting/add_11_add_5_7/CO0
                                          SLICE_R13C4D       CIN0_TO_COUT0_DELAY     0.277                 11.299  2       
counting/n664                                                NET DELAY               0.000                 11.299  2       
counting/add_11_add_5_7/CI1->counting/add_11_add_5_7/CO1
                                          SLICE_R13C4D       CIN1_TO_COUT1_DELAY     0.277                 11.576  2       
counting/n308                                                NET DELAY               0.555                 12.131  2       
counting/add_11_add_5_9/CI0->counting/add_11_add_5_9/CO0
                                          SLICE_R13C5A       CIN0_TO_COUT0_DELAY     0.277                 12.408  2       
counting/n667                                                NET DELAY               0.000                 12.408  2       
counting/add_11_add_5_9/CI1->counting/add_11_add_5_9/CO1
                                          SLICE_R13C5A       CIN1_TO_COUT1_DELAY     0.277                 12.685  2       
counting/n310                                                NET DELAY               0.000                 12.685  2       
counting/add_11_add_5_11/CI0->counting/add_11_add_5_11/CO0
                                          SLICE_R13C5B       CIN0_TO_COUT0_DELAY     0.277                 12.962  2       
counting/n670                                                NET DELAY               0.000                 12.962  2       
counting/add_11_add_5_11/CI1->counting/add_11_add_5_11/CO1
                                          SLICE_R13C5B       CIN1_TO_COUT1_DELAY     0.277                 13.239  2       
counting/n312                                                NET DELAY               0.000                 13.239  2       
counting/add_11_add_5_13/CI0->counting/add_11_add_5_13/CO0
                                          SLICE_R13C5C       CIN0_TO_COUT0_DELAY     0.277                 13.516  2       
counting/n673                                                NET DELAY               0.000                 13.516  2       
counting/add_11_add_5_13/CI1->counting/add_11_add_5_13/CO1
                                          SLICE_R13C5C       CIN1_TO_COUT1_DELAY     0.277                 13.793  2       
counting/n314                                                NET DELAY               0.661                 14.454  2       
counting/add_11_add_5_15/D0->counting/add_11_add_5_15/S0
                                          SLICE_R13C5D       D0_TO_F0_DELAY          0.449                 14.903  1       
counting/n97[13]                                             NET DELAY               2.168                 17.071  1       
counting/i209_2_lut/A->counting/i209_2_lut/Z
                                          SLICE_R12C6A       D0_TO_F0_DELAY          0.476                 17.547  1       
counting/n39[13]                                             NET DELAY               0.000                 17.547  1       
counting/counter__i13/D                                      ENDPOINT                0.000                 17.547  1       


Destination Clock Path
Name                                      Cell/Site Name     Delay Name           Incr      Arrival/Required Time  Fanout  
----------------------------------------  -----------------  -------------------  --------  ---------------------  ------  
                                                             CONSTRAINT              0.000                 41.666  1       
hf_osc/CLKHF                              HFOSC_HFOSC_R1C32  CLOCK LATENCY           0.000                 41.666  11      
counting/int_osc                                             NET DELAY               5.499                 47.165  11      
{counting/counter__i13/CK   counting/counter__i12/CK}
                                                             CLOCK PIN               0.000                 47.165  1       
                                                             Uncertainty          -(0.000)                 47.165  
                                                             Setup time           -(0.198)                 46.967  
----------------------------------------  -----------------  -------------------  --------  ---------------------  ------  
Required Time                                                                                              46.967  
Arrival Time                                                                                            -(17.546)  
----------------------------------------  -----------------  -------------------  --------  ---------------------  ------  
Path Slack  (Passed)                                                                                       29.420  




++++ Path 6 ++++++++++++++++++++++++++++++++++++++++++++++++++++++++++ 

Path Begin       : counting/counter__i0/Q  (SLICE_R14C4B)
Path End         : counting/counter__i12/D  (SLICE_R12C6A)
Source Clock     : int_osc (R)
Destination Clock: int_osc (R)
Logic Level      : 15
Delay Ratio      : 51.4% (route), 48.6% (logic)
Clock Skew       : 0.000 ns 
Setup Constraint : 41.666 ns 
Path Slack       : 29.697 ns  (Passed)


Source Clock Path
Name                                      Cell/Site Name     Delay Name           Incr      Arrival/Required Time  Fanout  
----------------------------------------  -----------------  -------------------  --------  ---------------------  ------  
hf_osc/CLKHF                              HFOSC_HFOSC_R1C32  CLOCK LATENCY           0.000                  0.000  11      
counting/int_osc                                             NET DELAY               5.499                  5.499  11      
{counting/counter__i1/CK   counting/counter__i0/CK}
                                                             CLOCK PIN               0.000                  5.499  1       


Data Path
Name                                      Cell/Site Name     Delay Name           Incr      Arrival/Required Time  Fanout  
----------------------------------------  -----------------  -------------------  --------  ---------------------  ------  
counting/counter__i0/CK->counting/counter__i0/Q
                                          SLICE_R14C4B       CLK_TO_Q1_DELAY         1.388                  6.887  1       
counting/count[0]                                            NET DELAY               2.670                  9.557  1       
counting/add_11_add_5_1/B1->counting/add_11_add_5_1/CO1
                                          SLICE_R13C4A       B1_TO_COUT1_DELAY       0.357                  9.914  2       
counting/n302                                                NET DELAY               0.000                  9.914  2       
counting/add_11_add_5_3/CI0->counting/add_11_add_5_3/CO0
                                          SLICE_R13C4B       CIN0_TO_COUT0_DELAY     0.277                 10.191  2       
counting/n658                                                NET DELAY               0.000                 10.191  2       
counting/add_11_add_5_3/CI1->counting/add_11_add_5_3/CO1
                                          SLICE_R13C4B       CIN1_TO_COUT1_DELAY     0.277                 10.468  2       
counting/n304                                                NET DELAY               0.000                 10.468  2       
counting/add_11_add_5_5/CI0->counting/add_11_add_5_5/CO0
                                          SLICE_R13C4C       CIN0_TO_COUT0_DELAY     0.277                 10.745  2       
counting/n661                                                NET DELAY               0.000                 10.745  2       
counting/add_11_add_5_5/CI1->counting/add_11_add_5_5/CO1
                                          SLICE_R13C4C       CIN1_TO_COUT1_DELAY     0.277                 11.022  2       
counting/n306                                                NET DELAY               0.000                 11.022  2       
counting/add_11_add_5_7/CI0->counting/add_11_add_5_7/CO0
                                          SLICE_R13C4D       CIN0_TO_COUT0_DELAY     0.277                 11.299  2       
counting/n664                                                NET DELAY               0.000                 11.299  2       
counting/add_11_add_5_7/CI1->counting/add_11_add_5_7/CO1
                                          SLICE_R13C4D       CIN1_TO_COUT1_DELAY     0.277                 11.576  2       
counting/n308                                                NET DELAY               0.555                 12.131  2       
counting/add_11_add_5_9/CI0->counting/add_11_add_5_9/CO0
                                          SLICE_R13C5A       CIN0_TO_COUT0_DELAY     0.277                 12.408  2       
counting/n667                                                NET DELAY               0.000                 12.408  2       
counting/add_11_add_5_9/CI1->counting/add_11_add_5_9/CO1
                                          SLICE_R13C5A       CIN1_TO_COUT1_DELAY     0.277                 12.685  2       
counting/n310                                                NET DELAY               0.000                 12.685  2       
counting/add_11_add_5_11/CI0->counting/add_11_add_5_11/CO0
                                          SLICE_R13C5B       CIN0_TO_COUT0_DELAY     0.277                 12.962  2       
counting/n670                                                NET DELAY               0.000                 12.962  2       
counting/add_11_add_5_11/CI1->counting/add_11_add_5_11/CO1
                                          SLICE_R13C5B       CIN1_TO_COUT1_DELAY     0.277                 13.239  2       
counting/n312                                                NET DELAY               0.000                 13.239  2       
counting/add_11_add_5_13/CI0->counting/add_11_add_5_13/CO0
                                          SLICE_R13C5C       CIN0_TO_COUT0_DELAY     0.277                 13.516  2       
counting/n673                                                NET DELAY               0.661                 14.177  2       
counting/add_11_add_5_13/D1->counting/add_11_add_5_13/S1
                                          SLICE_R13C5C       D1_TO_F1_DELAY          0.449                 14.626  1       
counting/n97[12]                                             NET DELAY               2.168                 16.794  1       
counting/i210_2_lut/A->counting/i210_2_lut/Z
                                          SLICE_R12C6A       D1_TO_F1_DELAY          0.476                 17.270  1       
counting/n39[12]                                             NET DELAY               0.000                 17.270  1       
counting/counter__i12/D                                      ENDPOINT                0.000                 17.270  1       


Destination Clock Path
Name                                      Cell/Site Name     Delay Name           Incr      Arrival/Required Time  Fanout  
----------------------------------------  -----------------  -------------------  --------  ---------------------  ------  
                                                             CONSTRAINT              0.000                 41.666  1       
hf_osc/CLKHF                              HFOSC_HFOSC_R1C32  CLOCK LATENCY           0.000                 41.666  11      
counting/int_osc                                             NET DELAY               5.499                 47.165  11      
{counting/counter__i13/CK   counting/counter__i12/CK}
                                                             CLOCK PIN               0.000                 47.165  1       
                                                             Uncertainty          -(0.000)                 47.165  
                                                             Setup time           -(0.198)                 46.967  
----------------------------------------  -----------------  -------------------  --------  ---------------------  ------  
Required Time                                                                                              46.967  
Arrival Time                                                                                            -(17.269)  
----------------------------------------  -----------------  -------------------  --------  ---------------------  ------  
Path Slack  (Passed)                                                                                       29.697  




++++ Path 7 ++++++++++++++++++++++++++++++++++++++++++++++++++++++++++ 

Path Begin       : counting/counter__i0/Q  (SLICE_R14C4B)
Path End         : counting/counter__i11/D  (SLICE_R14C5B)
Source Clock     : int_osc (R)
Destination Clock: int_osc (R)
Logic Level      : 14
Delay Ratio      : 52.7% (route), 47.3% (logic)
Clock Skew       : 0.000 ns 
Setup Constraint : 41.666 ns 
Path Slack       : 29.974 ns  (Passed)


Source Clock Path
Name                                      Cell/Site Name     Delay Name           Incr      Arrival/Required Time  Fanout  
----------------------------------------  -----------------  -------------------  --------  ---------------------  ------  
hf_osc/CLKHF                              HFOSC_HFOSC_R1C32  CLOCK LATENCY           0.000                  0.000  11      
counting/int_osc                                             NET DELAY               5.499                  5.499  11      
{counting/counter__i1/CK   counting/counter__i0/CK}
                                                             CLOCK PIN               0.000                  5.499  1       


Data Path
Name                                      Cell/Site Name     Delay Name           Incr      Arrival/Required Time  Fanout  
----------------------------------------  -----------------  -------------------  --------  ---------------------  ------  
counting/counter__i0/CK->counting/counter__i0/Q
                                          SLICE_R14C4B       CLK_TO_Q1_DELAY         1.388                  6.887  1       
counting/count[0]                                            NET DELAY               2.670                  9.557  1       
counting/add_11_add_5_1/B1->counting/add_11_add_5_1/CO1
                                          SLICE_R13C4A       B1_TO_COUT1_DELAY       0.357                  9.914  2       
counting/n302                                                NET DELAY               0.000                  9.914  2       
counting/add_11_add_5_3/CI0->counting/add_11_add_5_3/CO0
                                          SLICE_R13C4B       CIN0_TO_COUT0_DELAY     0.277                 10.191  2       
counting/n658                                                NET DELAY               0.000                 10.191  2       
counting/add_11_add_5_3/CI1->counting/add_11_add_5_3/CO1
                                          SLICE_R13C4B       CIN1_TO_COUT1_DELAY     0.277                 10.468  2       
counting/n304                                                NET DELAY               0.000                 10.468  2       
counting/add_11_add_5_5/CI0->counting/add_11_add_5_5/CO0
                                          SLICE_R13C4C       CIN0_TO_COUT0_DELAY     0.277                 10.745  2       
counting/n661                                                NET DELAY               0.000                 10.745  2       
counting/add_11_add_5_5/CI1->counting/add_11_add_5_5/CO1
                                          SLICE_R13C4C       CIN1_TO_COUT1_DELAY     0.277                 11.022  2       
counting/n306                                                NET DELAY               0.000                 11.022  2       
counting/add_11_add_5_7/CI0->counting/add_11_add_5_7/CO0
                                          SLICE_R13C4D       CIN0_TO_COUT0_DELAY     0.277                 11.299  2       
counting/n664                                                NET DELAY               0.000                 11.299  2       
counting/add_11_add_5_7/CI1->counting/add_11_add_5_7/CO1
                                          SLICE_R13C4D       CIN1_TO_COUT1_DELAY     0.277                 11.576  2       
counting/n308                                                NET DELAY               0.555                 12.131  2       
counting/add_11_add_5_9/CI0->counting/add_11_add_5_9/CO0
                                          SLICE_R13C5A       CIN0_TO_COUT0_DELAY     0.277                 12.408  2       
counting/n667                                                NET DELAY               0.000                 12.408  2       
counting/add_11_add_5_9/CI1->counting/add_11_add_5_9/CO1
                                          SLICE_R13C5A       CIN1_TO_COUT1_DELAY     0.277                 12.685  2       
counting/n310                                                NET DELAY               0.000                 12.685  2       
counting/add_11_add_5_11/CI0->counting/add_11_add_5_11/CO0
                                          SLICE_R13C5B       CIN0_TO_COUT0_DELAY     0.277                 12.962  2       
counting/n670                                                NET DELAY               0.000                 12.962  2       
counting/add_11_add_5_11/CI1->counting/add_11_add_5_11/CO1
                                          SLICE_R13C5B       CIN1_TO_COUT1_DELAY     0.277                 13.239  2       
counting/n312                                                NET DELAY               0.661                 13.900  2       
counting/add_11_add_5_13/D0->counting/add_11_add_5_13/S0
                                          SLICE_R13C5C       D0_TO_F0_DELAY          0.449                 14.349  1       
counting/n97[11]                                             NET DELAY               2.168                 16.517  1       
counting/i211_2_lut/A->counting/i211_2_lut/Z
                                          SLICE_R14C5B       D0_TO_F0_DELAY          0.476                 16.993  1       
counting/n39[11]                                             NET DELAY               0.000                 16.993  1       
counting/counter__i11/D                                      ENDPOINT                0.000                 16.993  1       


Destination Clock Path
Name                                      Cell/Site Name     Delay Name           Incr      Arrival/Required Time  Fanout  
----------------------------------------  -----------------  -------------------  --------  ---------------------  ------  
                                                             CONSTRAINT              0.000                 41.666  1       
hf_osc/CLKHF                              HFOSC_HFOSC_R1C32  CLOCK LATENCY           0.000                 41.666  11      
counting/int_osc                                             NET DELAY               5.499                 47.165  11      
{counting/counter__i11/CK   counting/counter__i10/CK}
                                                             CLOCK PIN               0.000                 47.165  1       
                                                             Uncertainty          -(0.000)                 47.165  
                                                             Setup time           -(0.198)                 46.967  
----------------------------------------  -----------------  -------------------  --------  ---------------------  ------  
Required Time                                                                                              46.967  
Arrival Time                                                                                            -(16.992)  
----------------------------------------  -----------------  -------------------  --------  ---------------------  ------  
Path Slack  (Passed)                                                                                       29.974  




++++ Path 8 ++++++++++++++++++++++++++++++++++++++++++++++++++++++++++ 

Path Begin       : counting/counter__i0/Q  (SLICE_R14C4B)
Path End         : counting/counter__i10/D  (SLICE_R14C5B)
Source Clock     : int_osc (R)
Destination Clock: int_osc (R)
Logic Level      : 13
Delay Ratio      : 54.0% (route), 46.0% (logic)
Clock Skew       : 0.000 ns 
Setup Constraint : 41.666 ns 
Path Slack       : 30.251 ns  (Passed)


Source Clock Path
Name                                      Cell/Site Name     Delay Name           Incr      Arrival/Required Time  Fanout  
----------------------------------------  -----------------  -------------------  --------  ---------------------  ------  
hf_osc/CLKHF                              HFOSC_HFOSC_R1C32  CLOCK LATENCY           0.000                  0.000  11      
counting/int_osc                                             NET DELAY               5.499                  5.499  11      
{counting/counter__i1/CK   counting/counter__i0/CK}
                                                             CLOCK PIN               0.000                  5.499  1       


Data Path
Name                                      Cell/Site Name     Delay Name           Incr      Arrival/Required Time  Fanout  
----------------------------------------  -----------------  -------------------  --------  ---------------------  ------  
counting/counter__i0/CK->counting/counter__i0/Q
                                          SLICE_R14C4B       CLK_TO_Q1_DELAY         1.388                  6.887  1       
counting/count[0]                                            NET DELAY               2.670                  9.557  1       
counting/add_11_add_5_1/B1->counting/add_11_add_5_1/CO1
                                          SLICE_R13C4A       B1_TO_COUT1_DELAY       0.357                  9.914  2       
counting/n302                                                NET DELAY               0.000                  9.914  2       
counting/add_11_add_5_3/CI0->counting/add_11_add_5_3/CO0
                                          SLICE_R13C4B       CIN0_TO_COUT0_DELAY     0.277                 10.191  2       
counting/n658                                                NET DELAY               0.000                 10.191  2       
counting/add_11_add_5_3/CI1->counting/add_11_add_5_3/CO1
                                          SLICE_R13C4B       CIN1_TO_COUT1_DELAY     0.277                 10.468  2       
counting/n304                                                NET DELAY               0.000                 10.468  2       
counting/add_11_add_5_5/CI0->counting/add_11_add_5_5/CO0
                                          SLICE_R13C4C       CIN0_TO_COUT0_DELAY     0.277                 10.745  2       
counting/n661                                                NET DELAY               0.000                 10.745  2       
counting/add_11_add_5_5/CI1->counting/add_11_add_5_5/CO1
                                          SLICE_R13C4C       CIN1_TO_COUT1_DELAY     0.277                 11.022  2       
counting/n306                                                NET DELAY               0.000                 11.022  2       
counting/add_11_add_5_7/CI0->counting/add_11_add_5_7/CO0
                                          SLICE_R13C4D       CIN0_TO_COUT0_DELAY     0.277                 11.299  2       
counting/n664                                                NET DELAY               0.000                 11.299  2       
counting/add_11_add_5_7/CI1->counting/add_11_add_5_7/CO1
                                          SLICE_R13C4D       CIN1_TO_COUT1_DELAY     0.277                 11.576  2       
counting/n308                                                NET DELAY               0.555                 12.131  2       
counting/add_11_add_5_9/CI0->counting/add_11_add_5_9/CO0
                                          SLICE_R13C5A       CIN0_TO_COUT0_DELAY     0.277                 12.408  2       
counting/n667                                                NET DELAY               0.000                 12.408  2       
counting/add_11_add_5_9/CI1->counting/add_11_add_5_9/CO1
                                          SLICE_R13C5A       CIN1_TO_COUT1_DELAY     0.277                 12.685  2       
counting/n310                                                NET DELAY               0.000                 12.685  2       
counting/add_11_add_5_11/CI0->counting/add_11_add_5_11/CO0
                                          SLICE_R13C5B       CIN0_TO_COUT0_DELAY     0.277                 12.962  2       
counting/n670                                                NET DELAY               0.661                 13.623  2       
counting/add_11_add_5_11/D1->counting/add_11_add_5_11/S1
                                          SLICE_R13C5B       D1_TO_F1_DELAY          0.449                 14.072  1       
counting/n97[10]                                             NET DELAY               2.168                 16.240  1       
counting/i212_2_lut/A->counting/i212_2_lut/Z
                                          SLICE_R14C5B       D1_TO_F1_DELAY          0.476                 16.716  1       
counting/n39[10]                                             NET DELAY               0.000                 16.716  1       
counting/counter__i10/D                                      ENDPOINT                0.000                 16.716  1       


Destination Clock Path
Name                                      Cell/Site Name     Delay Name           Incr      Arrival/Required Time  Fanout  
----------------------------------------  -----------------  -------------------  --------  ---------------------  ------  
                                                             CONSTRAINT              0.000                 41.666  1       
hf_osc/CLKHF                              HFOSC_HFOSC_R1C32  CLOCK LATENCY           0.000                 41.666  11      
counting/int_osc                                             NET DELAY               5.499                 47.165  11      
{counting/counter__i11/CK   counting/counter__i10/CK}
                                                             CLOCK PIN               0.000                 47.165  1       
                                                             Uncertainty          -(0.000)                 47.165  
                                                             Setup time           -(0.198)                 46.967  
----------------------------------------  -----------------  -------------------  --------  ---------------------  ------  
Required Time                                                                                              46.967  
Arrival Time                                                                                            -(16.715)  
----------------------------------------  -----------------  -------------------  --------  ---------------------  ------  
Path Slack  (Passed)                                                                                       30.251  




++++ Path 9 ++++++++++++++++++++++++++++++++++++++++++++++++++++++++++ 

Path Begin       : counting/counter__i0/Q  (SLICE_R14C4B)
Path End         : counting/counter__i9/D  (SLICE_R14C5D)
Source Clock     : int_osc (R)
Destination Clock: int_osc (R)
Logic Level      : 12
Delay Ratio      : 55.3% (route), 44.7% (logic)
Clock Skew       : 0.000 ns 
Setup Constraint : 41.666 ns 
Path Slack       : 30.528 ns  (Passed)


Source Clock Path
Name                                      Cell/Site Name     Delay Name           Incr      Arrival/Required Time  Fanout  
----------------------------------------  -----------------  -------------------  --------  ---------------------  ------  
hf_osc/CLKHF                              HFOSC_HFOSC_R1C32  CLOCK LATENCY           0.000                  0.000  11      
counting/int_osc                                             NET DELAY               5.499                  5.499  11      
{counting/counter__i1/CK   counting/counter__i0/CK}
                                                             CLOCK PIN               0.000                  5.499  1       


Data Path
Name                                      Cell/Site Name     Delay Name           Incr      Arrival/Required Time  Fanout  
----------------------------------------  -----------------  -------------------  --------  ---------------------  ------  
counting/counter__i0/CK->counting/counter__i0/Q
                                          SLICE_R14C4B       CLK_TO_Q1_DELAY         1.388                  6.887  1       
counting/count[0]                                            NET DELAY               2.670                  9.557  1       
counting/add_11_add_5_1/B1->counting/add_11_add_5_1/CO1
                                          SLICE_R13C4A       B1_TO_COUT1_DELAY       0.357                  9.914  2       
counting/n302                                                NET DELAY               0.000                  9.914  2       
counting/add_11_add_5_3/CI0->counting/add_11_add_5_3/CO0
                                          SLICE_R13C4B       CIN0_TO_COUT0_DELAY     0.277                 10.191  2       
counting/n658                                                NET DELAY               0.000                 10.191  2       
counting/add_11_add_5_3/CI1->counting/add_11_add_5_3/CO1
                                          SLICE_R13C4B       CIN1_TO_COUT1_DELAY     0.277                 10.468  2       
counting/n304                                                NET DELAY               0.000                 10.468  2       
counting/add_11_add_5_5/CI0->counting/add_11_add_5_5/CO0
                                          SLICE_R13C4C       CIN0_TO_COUT0_DELAY     0.277                 10.745  2       
counting/n661                                                NET DELAY               0.000                 10.745  2       
counting/add_11_add_5_5/CI1->counting/add_11_add_5_5/CO1
                                          SLICE_R13C4C       CIN1_TO_COUT1_DELAY     0.277                 11.022  2       
counting/n306                                                NET DELAY               0.000                 11.022  2       
counting/add_11_add_5_7/CI0->counting/add_11_add_5_7/CO0
                                          SLICE_R13C4D       CIN0_TO_COUT0_DELAY     0.277                 11.299  2       
counting/n664                                                NET DELAY               0.000                 11.299  2       
counting/add_11_add_5_7/CI1->counting/add_11_add_5_7/CO1
                                          SLICE_R13C4D       CIN1_TO_COUT1_DELAY     0.277                 11.576  2       
counting/n308                                                NET DELAY               0.555                 12.131  2       
counting/add_11_add_5_9/CI0->counting/add_11_add_5_9/CO0
                                          SLICE_R13C5A       CIN0_TO_COUT0_DELAY     0.277                 12.408  2       
counting/n667                                                NET DELAY               0.000                 12.408  2       
counting/add_11_add_5_9/CI1->counting/add_11_add_5_9/CO1
                                          SLICE_R13C5A       CIN1_TO_COUT1_DELAY     0.277                 12.685  2       
counting/n310                                                NET DELAY               0.661                 13.346  2       
counting/add_11_add_5_11/D0->counting/add_11_add_5_11/S0
                                          SLICE_R13C5B       D0_TO_F0_DELAY          0.449                 13.795  1       
counting/n97[9]                                              NET DELAY               2.168                 15.963  1       
counting/i213_2_lut/A->counting/i213_2_lut/Z
                                          SLICE_R14C5D       D0_TO_F0_DELAY          0.476                 16.439  1       
counting/n39[9]                                              NET DELAY               0.000                 16.439  1       
counting/counter__i9/D                                       ENDPOINT                0.000                 16.439  1       


Destination Clock Path
Name                                      Cell/Site Name     Delay Name           Incr      Arrival/Required Time  Fanout  
----------------------------------------  -----------------  -------------------  --------  ---------------------  ------  
                                                             CONSTRAINT              0.000                 41.666  1       
hf_osc/CLKHF                              HFOSC_HFOSC_R1C32  CLOCK LATENCY           0.000                 41.666  11      
counting/int_osc                                             NET DELAY               5.499                 47.165  11      
{counting/counter__i9/CK   counting/counter__i8/CK}
                                                             CLOCK PIN               0.000                 47.165  1       
                                                             Uncertainty          -(0.000)                 47.165  
                                                             Setup time           -(0.198)                 46.967  
----------------------------------------  -----------------  -------------------  --------  ---------------------  ------  
Required Time                                                                                              46.967  
Arrival Time                                                                                            -(16.438)  
----------------------------------------  -----------------  -------------------  --------  ---------------------  ------  
Path Slack  (Passed)                                                                                       30.528  




++++ Path 10 ++++++++++++++++++++++++++++++++++++++++++++++++++++++++++ 

Path Begin       : counting/counter__i6/Q  (SLICE_R12C4B)
Path End         : counting/counter__i5/D  (SLICE_R14C4D)
Source Clock     : int_osc (R)
Destination Clock: int_osc (R)
Logic Level      : 6
Delay Ratio      : 65.6% (route), 34.4% (logic)
Clock Skew       : 0.000 ns 
Setup Constraint : 41.666 ns 
Path Slack       : 30.603 ns  (Passed)


Source Clock Path
Name                                      Cell/Site Name     Delay Name       Incr      Arrival/Required Time  Fanout  
----------------------------------------  -----------------  ---------------  --------  ---------------------  ------  
hf_osc/CLKHF                              HFOSC_HFOSC_R1C32  CLOCK LATENCY       0.000                  0.000  11      
counting/int_osc                                             NET DELAY           5.499                  5.499  11      
{counting/counter__i7/CK   counting/counter__i6/CK}
                                                             CLOCK PIN           0.000                  5.499  1       


Data Path
Name                                      Cell/Site Name     Delay Name       Incr      Arrival/Required Time  Fanout  
----------------------------------------  -----------------  ---------------  --------  ---------------------  ------  
counting/counter__i6/CK->counting/counter__i6/Q
                                          SLICE_R12C4B       CLK_TO_Q1_DELAY     1.388                  6.887  2       
counting/count[6]                                            NET DELAY           2.617                  9.504  2       
i1_3_lut/B->i1_3_lut/Z                    SLICE_R12C5A       C0_TO_F0_DELAY      0.476                  9.980  1       
n4                                                           NET DELAY           0.304                 10.284  1       
i26_4_lut/D->i26_4_lut/Z                  SLICE_R12C5A       C1_TO_F1_DELAY      0.476                 10.760  1       
n24                                                          NET DELAY           0.304                 11.064  1       
i1_4_lut/A->i1_4_lut/Z                    SLICE_R12C5B       C0_TO_F0_DELAY      0.476                 11.540  1       
n5                                                           NET DELAY           0.304                 11.844  1       
i32_4_lut/A->i32_4_lut/Z                  SLICE_R12C5B       C1_TO_F1_DELAY      0.449                 12.293  19      
counting/n23                                                 NET DELAY           3.595                 15.888  19      
counting/i217_2_lut/B->counting/i217_2_lut/Z
                                          SLICE_R14C4D       B0_TO_F0_DELAY      0.476                 16.364  1       
counting/n39[5]                                              NET DELAY           0.000                 16.364  1       
counting/counter__i5/D                                       ENDPOINT            0.000                 16.364  1       


Destination Clock Path
Name                                      Cell/Site Name     Delay Name       Incr      Arrival/Required Time  Fanout  
----------------------------------------  -----------------  ---------------  --------  ---------------------  ------  
                                                             CONSTRAINT          0.000                 41.666  1       
hf_osc/CLKHF                              HFOSC_HFOSC_R1C32  CLOCK LATENCY       0.000                 41.666  11      
counting/int_osc                                             NET DELAY           5.499                 47.165  11      
{counting/counter__i5/CK   counting/counter__i4/CK}
                                                             CLOCK PIN           0.000                 47.165  1       
                                                             Uncertainty      -(0.000)                 47.165  
                                                             Setup time       -(0.198)                 46.967  
----------------------------------------  -----------------  ---------------  --------  ---------------------  ------  
Required Time                                                                                          46.967  
Arrival Time                                                                                        -(16.363)  
----------------------------------------  -----------------  ---------------  --------  ---------------------  ------  
Path Slack  (Passed)                                                                                   30.603  



+++++++++++++++++++++++++++++++++++++++++++++++++++++++++++++++++++++ 
                    End of Detailed Report for timing paths 
+++++++++++++++++++++++++++++++++++++++++++++++++++++++++++++++++++++ 


##########################################################



===============================================================
3  Hold at Speed Grade m Corner at -40 Degrees
===============================================================

3.1  Endpoint slacks
=======================
-------------------------------------------------------
          Listing 10 End Points          |    Slack    
-------------------------------------------------------
s/D                                      |    1.743 ns 
counting/counter__i9/D                   |    3.143 ns 
counting/counter__i8/D                   |    3.143 ns 
counting/counter__i11/D                  |    3.143 ns 
counting/counter__i13/D                  |    3.143 ns 
counting/counter__i12/D                  |    3.143 ns 
counting/counter__i15/D                  |    3.143 ns 
counting/counter__i14/D                  |    3.143 ns 
counting/counter__i16/D                  |    3.143 ns 
counting/counter__i17/D                  |    3.143 ns 
-------------------------------------------------------
                                         |             
Hold # of endpoints with negative slack: |           0 
                                         |             
-------------------------------------------------------

3.2  Detailed Report
=======================


XXXXXXXXXXXXXXXXXXXXXXXXXXXXXXXXXXXXXXXXXXXXXXXXXXXXXXXXXX

Detail report of critical paths

XXXXXXXXXXXXXXXXXXXXXXXXXXXXXXXXXXXXXXXXXXXXXXXXXXXXXXXXXX

+++++++++++++++++++++++++++++++++++++++++++++++++++++++++++++++++++++ 
                    Detailed Report for timing paths 
+++++++++++++++++++++++++++++++++++++++++++++++++++++++++++++++++++++ 

++++ Path 1 ++++++++++++++++++++++++++++++++++++++++++++++++++++++++++ 

Path Begin       : s/Q  (SLICE_R14C4A)
Path End         : s/D  (SLICE_R14C4A)
Source Clock     : int_osc (R)
Destination Clock: int_osc (R)
Logic Level      : 2
Delay Ratio      : 40.8% (route), 59.2% (logic)
Clock Skew       : 0.000 ns 
Hold Constraint  : 0.000 ns 
Path Slack       : 1.743 ns  (Passed)


Source Clock Path
Name                                      Cell/Site Name     Delay Name       Incr   Arrival/Required Time  Fanout  
----------------------------------------  -----------------  ---------------  -----  ---------------------  ------  
hf_osc/CLKHF                              HFOSC_HFOSC_R1C32  CLOCK LATENCY    0.000                  0.000  12      
counting/int_osc                                             NET DELAY        3.084                  3.084  12      
s/CK                                                         CLOCK PIN        0.000                  3.084  1       


Data Path
Name                                      Cell/Site Name     Delay Name       Incr   Arrival/Required Time  Fanout  
----------------------------------------  -----------------  ---------------  -----  ---------------------  ------  
s/CK->s/Q                                 SLICE_R14C4A       CLK_TO_Q1_DELAY  0.779                  3.863  7       
choose_pin/chosen_pin_c                                      NET DELAY        0.712                  4.575  7       
i13_2_lut/A->i13_2_lut/Z                  SLICE_R14C4A       D1_TO_F1_DELAY   0.252                  4.827  1       
n25                                                          NET DELAY        0.000                  4.827  1       
s/D                                                          ENDPOINT         0.000                  4.827  1       


Destination Clock Path
Name                                      Cell/Site Name     Delay Name       Incr   Arrival/Required Time  Fanout  
----------------------------------------  -----------------  ---------------  -----  ---------------------  ------  
                                                             CONSTRAINT       0.000                  0.000  1       
hf_osc/CLKHF                              HFOSC_HFOSC_R1C32  CLOCK LATENCY    0.000                  0.000  12      
counting/int_osc                                             NET DELAY        3.084                  3.084  12      
s/CK                                                         CLOCK PIN        0.000                  3.084  1       
                                                             Uncertainty      0.000                  3.084  
                                                             Hold time        0.000                  3.084  
----------------------------------------  -----------------  ---------------  -----  ---------------------  ------  
Required Time                                                                                       -3.084  
Arrival Time                                                                                         4.827  
----------------------------------------  -----------------  ---------------  -----  ---------------------  ------  
Path Slack  (Passed)                                                                                 1.743  




++++ Path 2 ++++++++++++++++++++++++++++++++++++++++++++++++++++++++++ 

Path Begin       : counting/counter__i9/Q  (SLICE_R14C5D)
Path End         : counting/counter__i9/D  (SLICE_R14C5D)
Source Clock     : int_osc (R)
Destination Clock: int_osc (R)
Logic Level      : 3
Delay Ratio      : 58.7% (route), 41.3% (logic)
Clock Skew       : 0.000 ns 
Hold Constraint  : 0.000 ns 
Path Slack       : 3.143 ns  (Passed)


Source Clock Path
Name                                      Cell/Site Name     Delay Name       Incr   Arrival/Required Time  Fanout  
----------------------------------------  -----------------  ---------------  -----  ---------------------  ------  
hf_osc/CLKHF                              HFOSC_HFOSC_R1C32  CLOCK LATENCY    0.000                  0.000  12      
counting/int_osc                                             NET DELAY        3.084                  3.084  12      
{counting/counter__i9/CK   counting/counter__i8/CK}
                                                             CLOCK PIN        0.000                  3.084  1       


Data Path
Name                                      Cell/Site Name     Delay Name       Incr   Arrival/Required Time  Fanout  
----------------------------------------  -----------------  ---------------  -----  ---------------------  ------  
counting/counter__i9/CK->counting/counter__i9/Q
                                          SLICE_R14C5D       CLK_TO_Q0_DELAY  0.779                  3.863  2       
counting/count[9]                                            NET DELAY        0.912                  4.775  2       
counting/add_11_add_5_11/B0->counting/add_11_add_5_11/S0
                                          SLICE_R13C5B       B0_TO_F0_DELAY   0.266                  5.041  1       
counting/n97[9]                                              NET DELAY        0.934                  5.975  1       
counting/i213_2_lut/A->counting/i213_2_lut/Z
                                          SLICE_R14C5D       D0_TO_F0_DELAY   0.252                  6.227  1       
counting/n39[9]                                              NET DELAY        0.000                  6.227  1       
counting/counter__i9/D                                       ENDPOINT         0.000                  6.227  1       


Destination Clock Path
Name                                      Cell/Site Name     Delay Name       Incr   Arrival/Required Time  Fanout  
----------------------------------------  -----------------  ---------------  -----  ---------------------  ------  
                                                             CONSTRAINT       0.000                  0.000  1       
hf_osc/CLKHF                              HFOSC_HFOSC_R1C32  CLOCK LATENCY    0.000                  0.000  12      
counting/int_osc                                             NET DELAY        3.084                  3.084  12      
{counting/counter__i9/CK   counting/counter__i8/CK}
                                                             CLOCK PIN        0.000                  3.084  1       
                                                             Uncertainty      0.000                  3.084  
                                                             Hold time        0.000                  3.084  
----------------------------------------  -----------------  ---------------  -----  ---------------------  ------  
Required Time                                                                                       -3.084  
Arrival Time                                                                                         6.227  
----------------------------------------  -----------------  ---------------  -----  ---------------------  ------  
Path Slack  (Passed)                                                                                 3.143  




++++ Path 3 ++++++++++++++++++++++++++++++++++++++++++++++++++++++++++ 

Path Begin       : counting/counter__i8/Q  (SLICE_R14C5D)
Path End         : counting/counter__i8/D  (SLICE_R14C5D)
Source Clock     : int_osc (R)
Destination Clock: int_osc (R)
Logic Level      : 3
Delay Ratio      : 58.7% (route), 41.3% (logic)
Clock Skew       : 0.000 ns 
Hold Constraint  : 0.000 ns 
Path Slack       : 3.143 ns  (Passed)


Source Clock Path
Name                                      Cell/Site Name     Delay Name       Incr   Arrival/Required Time  Fanout  
----------------------------------------  -----------------  ---------------  -----  ---------------------  ------  
hf_osc/CLKHF                              HFOSC_HFOSC_R1C32  CLOCK LATENCY    0.000                  0.000  12      
counting/int_osc                                             NET DELAY        3.084                  3.084  12      
{counting/counter__i9/CK   counting/counter__i8/CK}
                                                             CLOCK PIN        0.000                  3.084  1       


Data Path
Name                                      Cell/Site Name     Delay Name       Incr   Arrival/Required Time  Fanout  
----------------------------------------  -----------------  ---------------  -----  ---------------------  ------  
counting/counter__i8/CK->counting/counter__i8/Q
                                          SLICE_R14C5D       CLK_TO_Q1_DELAY  0.779                  3.863  2       
counting/count[8]                                            NET DELAY        0.912                  4.775  2       
counting/add_11_add_5_9/B1->counting/add_11_add_5_9/S1
                                          SLICE_R13C5A       B1_TO_F1_DELAY   0.266                  5.041  1       
counting/n97[8]                                              NET DELAY        0.934                  5.975  1       
counting/i214_2_lut/A->counting/i214_2_lut/Z
                                          SLICE_R14C5D       D1_TO_F1_DELAY   0.252                  6.227  1       
counting/n39[8]                                              NET DELAY        0.000                  6.227  1       
counting/counter__i8/D                                       ENDPOINT         0.000                  6.227  1       


Destination Clock Path
Name                                      Cell/Site Name     Delay Name       Incr   Arrival/Required Time  Fanout  
----------------------------------------  -----------------  ---------------  -----  ---------------------  ------  
                                                             CONSTRAINT       0.000                  0.000  1       
hf_osc/CLKHF                              HFOSC_HFOSC_R1C32  CLOCK LATENCY    0.000                  0.000  12      
counting/int_osc                                             NET DELAY        3.084                  3.084  12      
{counting/counter__i9/CK   counting/counter__i8/CK}
                                                             CLOCK PIN        0.000                  3.084  1       
                                                             Uncertainty      0.000                  3.084  
                                                             Hold time        0.000                  3.084  
----------------------------------------  -----------------  ---------------  -----  ---------------------  ------  
Required Time                                                                                       -3.084  
Arrival Time                                                                                         6.227  
----------------------------------------  -----------------  ---------------  -----  ---------------------  ------  
Path Slack  (Passed)                                                                                 3.143  




++++ Path 4 ++++++++++++++++++++++++++++++++++++++++++++++++++++++++++ 

Path Begin       : counting/counter__i11/Q  (SLICE_R14C5B)
Path End         : counting/counter__i11/D  (SLICE_R14C5B)
Source Clock     : int_osc (R)
Destination Clock: int_osc (R)
Logic Level      : 3
Delay Ratio      : 58.7% (route), 41.3% (logic)
Clock Skew       : 0.000 ns 
Hold Constraint  : 0.000 ns 
Path Slack       : 3.143 ns  (Passed)


Source Clock Path
Name                                      Cell/Site Name     Delay Name       Incr   Arrival/Required Time  Fanout  
----------------------------------------  -----------------  ---------------  -----  ---------------------  ------  
hf_osc/CLKHF                              HFOSC_HFOSC_R1C32  CLOCK LATENCY    0.000                  0.000  12      
counting/int_osc                                             NET DELAY        3.084                  3.084  12      
{counting/counter__i11/CK   counting/counter__i10/CK}
                                                             CLOCK PIN        0.000                  3.084  1       


Data Path
Name                                      Cell/Site Name     Delay Name       Incr   Arrival/Required Time  Fanout  
----------------------------------------  -----------------  ---------------  -----  ---------------------  ------  
counting/counter__i11/CK->counting/counter__i11/Q
                                          SLICE_R14C5B       CLK_TO_Q0_DELAY  0.779                  3.863  2       
counting/count[11]                                           NET DELAY        0.912                  4.775  2       
counting/add_11_add_5_13/B0->counting/add_11_add_5_13/S0
                                          SLICE_R13C5C       B0_TO_F0_DELAY   0.266                  5.041  1       
counting/n97[11]                                             NET DELAY        0.934                  5.975  1       
counting/i211_2_lut/A->counting/i211_2_lut/Z
                                          SLICE_R14C5B       D0_TO_F0_DELAY   0.252                  6.227  1       
counting/n39[11]                                             NET DELAY        0.000                  6.227  1       
counting/counter__i11/D                                      ENDPOINT         0.000                  6.227  1       


Destination Clock Path
Name                                      Cell/Site Name     Delay Name       Incr   Arrival/Required Time  Fanout  
----------------------------------------  -----------------  ---------------  -----  ---------------------  ------  
                                                             CONSTRAINT       0.000                  0.000  1       
hf_osc/CLKHF                              HFOSC_HFOSC_R1C32  CLOCK LATENCY    0.000                  0.000  12      
counting/int_osc                                             NET DELAY        3.084                  3.084  12      
{counting/counter__i11/CK   counting/counter__i10/CK}
                                                             CLOCK PIN        0.000                  3.084  1       
                                                             Uncertainty      0.000                  3.084  
                                                             Hold time        0.000                  3.084  
----------------------------------------  -----------------  ---------------  -----  ---------------------  ------  
Required Time                                                                                       -3.084  
Arrival Time                                                                                         6.227  
----------------------------------------  -----------------  ---------------  -----  ---------------------  ------  
Path Slack  (Passed)                                                                                 3.143  




++++ Path 5 ++++++++++++++++++++++++++++++++++++++++++++++++++++++++++ 

Path Begin       : counting/counter__i13/Q  (SLICE_R12C6A)
Path End         : counting/counter__i13/D  (SLICE_R12C6A)
Source Clock     : int_osc (R)
Destination Clock: int_osc (R)
Logic Level      : 3
Delay Ratio      : 58.7% (route), 41.3% (logic)
Clock Skew       : 0.000 ns 
Hold Constraint  : 0.000 ns 
Path Slack       : 3.143 ns  (Passed)


Source Clock Path
Name                                      Cell/Site Name     Delay Name       Incr   Arrival/Required Time  Fanout  
----------------------------------------  -----------------  ---------------  -----  ---------------------  ------  
hf_osc/CLKHF                              HFOSC_HFOSC_R1C32  CLOCK LATENCY    0.000                  0.000  12      
counting/int_osc                                             NET DELAY        3.084                  3.084  12      
{counting/counter__i13/CK   counting/counter__i12/CK}
                                                             CLOCK PIN        0.000                  3.084  1       


Data Path
Name                                      Cell/Site Name     Delay Name       Incr   Arrival/Required Time  Fanout  
----------------------------------------  -----------------  ---------------  -----  ---------------------  ------  
counting/counter__i13/CK->counting/counter__i13/Q
                                          SLICE_R12C6A       CLK_TO_Q0_DELAY  0.779                  3.863  2       
counting/count[13]                                           NET DELAY        0.912                  4.775  2       
counting/add_11_add_5_15/B0->counting/add_11_add_5_15/S0
                                          SLICE_R13C5D       B0_TO_F0_DELAY   0.266                  5.041  1       
counting/n97[13]                                             NET DELAY        0.934                  5.975  1       
counting/i209_2_lut/A->counting/i209_2_lut/Z
                                          SLICE_R12C6A       D0_TO_F0_DELAY   0.252                  6.227  1       
counting/n39[13]                                             NET DELAY        0.000                  6.227  1       
counting/counter__i13/D                                      ENDPOINT         0.000                  6.227  1       


Destination Clock Path
Name                                      Cell/Site Name     Delay Name       Incr   Arrival/Required Time  Fanout  
----------------------------------------  -----------------  ---------------  -----  ---------------------  ------  
                                                             CONSTRAINT       0.000                  0.000  1       
hf_osc/CLKHF                              HFOSC_HFOSC_R1C32  CLOCK LATENCY    0.000                  0.000  12      
counting/int_osc                                             NET DELAY        3.084                  3.084  12      
{counting/counter__i13/CK   counting/counter__i12/CK}
                                                             CLOCK PIN        0.000                  3.084  1       
                                                             Uncertainty      0.000                  3.084  
                                                             Hold time        0.000                  3.084  
----------------------------------------  -----------------  ---------------  -----  ---------------------  ------  
Required Time                                                                                       -3.084  
Arrival Time                                                                                         6.227  
----------------------------------------  -----------------  ---------------  -----  ---------------------  ------  
Path Slack  (Passed)                                                                                 3.143  




++++ Path 6 ++++++++++++++++++++++++++++++++++++++++++++++++++++++++++ 

Path Begin       : counting/counter__i12/Q  (SLICE_R12C6A)
Path End         : counting/counter__i12/D  (SLICE_R12C6A)
Source Clock     : int_osc (R)
Destination Clock: int_osc (R)
Logic Level      : 3
Delay Ratio      : 58.7% (route), 41.3% (logic)
Clock Skew       : 0.000 ns 
Hold Constraint  : 0.000 ns 
Path Slack       : 3.143 ns  (Passed)


Source Clock Path
Name                                      Cell/Site Name     Delay Name       Incr   Arrival/Required Time  Fanout  
----------------------------------------  -----------------  ---------------  -----  ---------------------  ------  
hf_osc/CLKHF                              HFOSC_HFOSC_R1C32  CLOCK LATENCY    0.000                  0.000  12      
counting/int_osc                                             NET DELAY        3.084                  3.084  12      
{counting/counter__i13/CK   counting/counter__i12/CK}
                                                             CLOCK PIN        0.000                  3.084  1       


Data Path
Name                                      Cell/Site Name     Delay Name       Incr   Arrival/Required Time  Fanout  
----------------------------------------  -----------------  ---------------  -----  ---------------------  ------  
counting/counter__i12/CK->counting/counter__i12/Q
                                          SLICE_R12C6A       CLK_TO_Q1_DELAY  0.779                  3.863  2       
counting/count[12]                                           NET DELAY        0.912                  4.775  2       
counting/add_11_add_5_13/B1->counting/add_11_add_5_13/S1
                                          SLICE_R13C5C       B1_TO_F1_DELAY   0.266                  5.041  1       
counting/n97[12]                                             NET DELAY        0.934                  5.975  1       
counting/i210_2_lut/A->counting/i210_2_lut/Z
                                          SLICE_R12C6A       D1_TO_F1_DELAY   0.252                  6.227  1       
counting/n39[12]                                             NET DELAY        0.000                  6.227  1       
counting/counter__i12/D                                      ENDPOINT         0.000                  6.227  1       


Destination Clock Path
Name                                      Cell/Site Name     Delay Name       Incr   Arrival/Required Time  Fanout  
----------------------------------------  -----------------  ---------------  -----  ---------------------  ------  
                                                             CONSTRAINT       0.000                  0.000  1       
hf_osc/CLKHF                              HFOSC_HFOSC_R1C32  CLOCK LATENCY    0.000                  0.000  12      
counting/int_osc                                             NET DELAY        3.084                  3.084  12      
{counting/counter__i13/CK   counting/counter__i12/CK}
                                                             CLOCK PIN        0.000                  3.084  1       
                                                             Uncertainty      0.000                  3.084  
                                                             Hold time        0.000                  3.084  
----------------------------------------  -----------------  ---------------  -----  ---------------------  ------  
Required Time                                                                                       -3.084  
Arrival Time                                                                                         6.227  
----------------------------------------  -----------------  ---------------  -----  ---------------------  ------  
Path Slack  (Passed)                                                                                 3.143  




++++ Path 7 ++++++++++++++++++++++++++++++++++++++++++++++++++++++++++ 

Path Begin       : counting/counter__i15/Q  (SLICE_R13C6D)
Path End         : counting/counter__i15/D  (SLICE_R13C6D)
Source Clock     : int_osc (R)
Destination Clock: int_osc (R)
Logic Level      : 3
Delay Ratio      : 58.7% (route), 41.3% (logic)
Clock Skew       : 0.000 ns 
Hold Constraint  : 0.000 ns 
Path Slack       : 3.143 ns  (Passed)


Source Clock Path
Name                                      Cell/Site Name     Delay Name       Incr   Arrival/Required Time  Fanout  
----------------------------------------  -----------------  ---------------  -----  ---------------------  ------  
hf_osc/CLKHF                              HFOSC_HFOSC_R1C32  CLOCK LATENCY    0.000                  0.000  12      
counting/int_osc                                             NET DELAY        3.084                  3.084  12      
{counting/counter__i15/CK   counting/counter__i14/CK}
                                                             CLOCK PIN        0.000                  3.084  1       


Data Path
Name                                      Cell/Site Name     Delay Name       Incr   Arrival/Required Time  Fanout  
----------------------------------------  -----------------  ---------------  -----  ---------------------  ------  
counting/counter__i15/CK->counting/counter__i15/Q
                                          SLICE_R13C6D       CLK_TO_Q0_DELAY  0.779                  3.863  2       
counting/count[15]                                           NET DELAY        0.912                  4.775  2       
counting/add_11_add_5_17/B0->counting/add_11_add_5_17/S0
                                          SLICE_R13C6A       B0_TO_F0_DELAY   0.266                  5.041  1       
counting/n97[15]                                             NET DELAY        0.934                  5.975  1       
counting/i207_2_lut/A->counting/i207_2_lut/Z
                                          SLICE_R13C6D       D0_TO_F0_DELAY   0.252                  6.227  1       
counting/n39[15]                                             NET DELAY        0.000                  6.227  1       
counting/counter__i15/D                                      ENDPOINT         0.000                  6.227  1       


Destination Clock Path
Name                                      Cell/Site Name     Delay Name       Incr   Arrival/Required Time  Fanout  
----------------------------------------  -----------------  ---------------  -----  ---------------------  ------  
                                                             CONSTRAINT       0.000                  0.000  1       
hf_osc/CLKHF                              HFOSC_HFOSC_R1C32  CLOCK LATENCY    0.000                  0.000  12      
counting/int_osc                                             NET DELAY        3.084                  3.084  12      
{counting/counter__i15/CK   counting/counter__i14/CK}
                                                             CLOCK PIN        0.000                  3.084  1       
                                                             Uncertainty      0.000                  3.084  
                                                             Hold time        0.000                  3.084  
----------------------------------------  -----------------  ---------------  -----  ---------------------  ------  
Required Time                                                                                       -3.084  
Arrival Time                                                                                         6.227  
----------------------------------------  -----------------  ---------------  -----  ---------------------  ------  
Path Slack  (Passed)                                                                                 3.143  




++++ Path 8 ++++++++++++++++++++++++++++++++++++++++++++++++++++++++++ 

Path Begin       : counting/counter__i14/Q  (SLICE_R13C6D)
Path End         : counting/counter__i14/D  (SLICE_R13C6D)
Source Clock     : int_osc (R)
Destination Clock: int_osc (R)
Logic Level      : 3
Delay Ratio      : 58.7% (route), 41.3% (logic)
Clock Skew       : 0.000 ns 
Hold Constraint  : 0.000 ns 
Path Slack       : 3.143 ns  (Passed)


Source Clock Path
Name                                      Cell/Site Name     Delay Name       Incr   Arrival/Required Time  Fanout  
----------------------------------------  -----------------  ---------------  -----  ---------------------  ------  
hf_osc/CLKHF                              HFOSC_HFOSC_R1C32  CLOCK LATENCY    0.000                  0.000  12      
counting/int_osc                                             NET DELAY        3.084                  3.084  12      
{counting/counter__i15/CK   counting/counter__i14/CK}
                                                             CLOCK PIN        0.000                  3.084  1       


Data Path
Name                                      Cell/Site Name     Delay Name       Incr   Arrival/Required Time  Fanout  
----------------------------------------  -----------------  ---------------  -----  ---------------------  ------  
counting/counter__i14/CK->counting/counter__i14/Q
                                          SLICE_R13C6D       CLK_TO_Q1_DELAY  0.779                  3.863  2       
counting/count[14]                                           NET DELAY        0.912                  4.775  2       
counting/add_11_add_5_15/B1->counting/add_11_add_5_15/S1
                                          SLICE_R13C5D       B1_TO_F1_DELAY   0.266                  5.041  1       
counting/n97[14]                                             NET DELAY        0.934                  5.975  1       
counting/i208_2_lut/A->counting/i208_2_lut/Z
                                          SLICE_R13C6D       D1_TO_F1_DELAY   0.252                  6.227  1       
counting/n39[14]                                             NET DELAY        0.000                  6.227  1       
counting/counter__i14/D                                      ENDPOINT         0.000                  6.227  1       


Destination Clock Path
Name                                      Cell/Site Name     Delay Name       Incr   Arrival/Required Time  Fanout  
----------------------------------------  -----------------  ---------------  -----  ---------------------  ------  
                                                             CONSTRAINT       0.000                  0.000  1       
hf_osc/CLKHF                              HFOSC_HFOSC_R1C32  CLOCK LATENCY    0.000                  0.000  12      
counting/int_osc                                             NET DELAY        3.084                  3.084  12      
{counting/counter__i15/CK   counting/counter__i14/CK}
                                                             CLOCK PIN        0.000                  3.084  1       
                                                             Uncertainty      0.000                  3.084  
                                                             Hold time        0.000                  3.084  
----------------------------------------  -----------------  ---------------  -----  ---------------------  ------  
Required Time                                                                                       -3.084  
Arrival Time                                                                                         6.227  
----------------------------------------  -----------------  ---------------  -----  ---------------------  ------  
Path Slack  (Passed)                                                                                 3.143  




++++ Path 9 ++++++++++++++++++++++++++++++++++++++++++++++++++++++++++ 

Path Begin       : counting/counter__i16/Q  (SLICE_R13C6C)
Path End         : counting/counter__i16/D  (SLICE_R13C6C)
Source Clock     : int_osc (R)
Destination Clock: int_osc (R)
Logic Level      : 3
Delay Ratio      : 58.7% (route), 41.3% (logic)
Clock Skew       : 0.000 ns 
Hold Constraint  : 0.000 ns 
Path Slack       : 3.143 ns  (Passed)


Source Clock Path
Name                                      Cell/Site Name     Delay Name       Incr   Arrival/Required Time  Fanout  
----------------------------------------  -----------------  ---------------  -----  ---------------------  ------  
hf_osc/CLKHF                              HFOSC_HFOSC_R1C32  CLOCK LATENCY    0.000                  0.000  12      
counting/int_osc                                             NET DELAY        3.084                  3.084  12      
{counting/counter__i16/CK   counting/counter__i17/CK}
                                                             CLOCK PIN        0.000                  3.084  1       


Data Path
Name                                      Cell/Site Name     Delay Name       Incr   Arrival/Required Time  Fanout  
----------------------------------------  -----------------  ---------------  -----  ---------------------  ------  
counting/counter__i16/CK->counting/counter__i16/Q
                                          SLICE_R13C6C       CLK_TO_Q0_DELAY  0.779                  3.863  2       
counting/count[16]                                           NET DELAY        0.912                  4.775  2       
counting/add_11_add_5_17/B1->counting/add_11_add_5_17/S1
                                          SLICE_R13C6A       B1_TO_F1_DELAY   0.266                  5.041  1       
counting/n97[16]                                             NET DELAY        0.934                  5.975  1       
counting/i206_2_lut/A->counting/i206_2_lut/Z
                                          SLICE_R13C6C       D0_TO_F0_DELAY   0.252                  6.227  1       
counting/n39[16]                                             NET DELAY        0.000                  6.227  1       
counting/counter__i16/D                                      ENDPOINT         0.000                  6.227  1       


Destination Clock Path
Name                                      Cell/Site Name     Delay Name       Incr   Arrival/Required Time  Fanout  
----------------------------------------  -----------------  ---------------  -----  ---------------------  ------  
                                                             CONSTRAINT       0.000                  0.000  1       
hf_osc/CLKHF                              HFOSC_HFOSC_R1C32  CLOCK LATENCY    0.000                  0.000  12      
counting/int_osc                                             NET DELAY        3.084                  3.084  12      
{counting/counter__i16/CK   counting/counter__i17/CK}
                                                             CLOCK PIN        0.000                  3.084  1       
                                                             Uncertainty      0.000                  3.084  
                                                             Hold time        0.000                  3.084  
----------------------------------------  -----------------  ---------------  -----  ---------------------  ------  
Required Time                                                                                       -3.084  
Arrival Time                                                                                         6.227  
----------------------------------------  -----------------  ---------------  -----  ---------------------  ------  
Path Slack  (Passed)                                                                                 3.143  




++++ Path 10 ++++++++++++++++++++++++++++++++++++++++++++++++++++++++++ 

Path Begin       : counting/counter__i17/Q  (SLICE_R13C6C)
Path End         : counting/counter__i17/D  (SLICE_R13C6C)
Source Clock     : int_osc (R)
Destination Clock: int_osc (R)
Logic Level      : 3
Delay Ratio      : 58.7% (route), 41.3% (logic)
Clock Skew       : 0.000 ns 
Hold Constraint  : 0.000 ns 
Path Slack       : 3.143 ns  (Passed)


Source Clock Path
Name                                      Cell/Site Name     Delay Name       Incr   Arrival/Required Time  Fanout  
----------------------------------------  -----------------  ---------------  -----  ---------------------  ------  
hf_osc/CLKHF                              HFOSC_HFOSC_R1C32  CLOCK LATENCY    0.000                  0.000  12      
counting/int_osc                                             NET DELAY        3.084                  3.084  12      
{counting/counter__i16/CK   counting/counter__i17/CK}
                                                             CLOCK PIN        0.000                  3.084  1       


Data Path
Name                                      Cell/Site Name     Delay Name       Incr   Arrival/Required Time  Fanout  
----------------------------------------  -----------------  ---------------  -----  ---------------------  ------  
counting/counter__i17/CK->counting/counter__i17/Q
                                          SLICE_R13C6C       CLK_TO_Q1_DELAY  0.779                  3.863  2       
counting/count[17]                                           NET DELAY        0.912                  4.775  2       
counting/add_11_add_5_19/B0->counting/add_11_add_5_19/S0
                                          SLICE_R13C6B       B0_TO_F0_DELAY   0.266                  5.041  1       
counting/n97[17]                                             NET DELAY        0.934                  5.975  1       
counting/i205_2_lut/A->counting/i205_2_lut/Z
                                          SLICE_R13C6C       D1_TO_F1_DELAY   0.252                  6.227  1       
counting/n39[17]                                             NET DELAY        0.000                  6.227  1       
counting/counter__i17/D                                      ENDPOINT         0.000                  6.227  1       


Destination Clock Path
Name                                      Cell/Site Name     Delay Name       Incr   Arrival/Required Time  Fanout  
----------------------------------------  -----------------  ---------------  -----  ---------------------  ------  
                                                             CONSTRAINT       0.000                  0.000  1       
hf_osc/CLKHF                              HFOSC_HFOSC_R1C32  CLOCK LATENCY    0.000                  0.000  12      
counting/int_osc                                             NET DELAY        3.084                  3.084  12      
{counting/counter__i16/CK   counting/counter__i17/CK}
                                                             CLOCK PIN        0.000                  3.084  1       
                                                             Uncertainty      0.000                  3.084  
                                                             Hold time        0.000                  3.084  
----------------------------------------  -----------------  ---------------  -----  ---------------------  ------  
Required Time                                                                                       -3.084  
Arrival Time                                                                                         6.227  
----------------------------------------  -----------------  ---------------  -----  ---------------------  ------  
Path Slack  (Passed)                                                                                 3.143  



+++++++++++++++++++++++++++++++++++++++++++++++++++++++++++++++++++++ 
                    End of Detailed Report for timing paths 
+++++++++++++++++++++++++++++++++++++++++++++++++++++++++++++++++++++ 


##########################################################



