Lattice Timing Report -  Setup  and Hold, Version Radiant Software (64-bit) 2026.1.0.37.0

Wed Sep 16 16:00:41 2026

Copyright (c) 1991-1994 by NeoCAD Inc. All rights reserved.
Copyright (c) 1995 AT&T Corp.   All rights reserved.
Copyright (c) 1995-2001 Lucent Technologies Inc.  All rights reserved.
Copyright (c) 2001 Agere Systems   All rights reserved.
Copyright (c) 2002-2026 Lattice Semiconductor Corporation,  All rights reserved.

Command line:    timing -sethld -v 10 -u 10 -endpoints 10 -nperend 1 -sp High-Performance_1.2V -hsp m -pwrprd -html -rpt lab2_v2kl_impl_1.twr lab2_v2kl_impl_1.udb -gui -msgset C:/Users/klatvakoski/Documents/GitHub/katie_multiplexer_lab2/Radiant_files/lab2_v2kl/lab2_v2kl/promote.xml

-----------------------------------------
Design:          lab2_keypad
Family:          iCE40UP
Device:          iCE40UP5K
Package:         SG48
Performance:     High-Performance_1.2V
Package Status:                     Preliminary    Version 1.5
**Performance Hardware Data Status :   Advanced Version 1.0
-----------------------------------------


=====================================================================
                    Table of Contents
=====================================================================
    1  Timing Overview
        1.1  SDC Constraints
        1.2  Constraint Coverage
        1.3  Overall Summary
        1.4  Unconstrained Report
        1.5  Combinational Loop
    2  Setup at Speed Grade High-Performance_1.2V Corner at 100 Degrees
        2.1  Clock Summary
        2.2  Endpoint slacks
        2.3  Detailed Report
    3  Hold at Speed Grade m Corner at -40 Degrees
        3.1  Endpoint slacks
        3.2  Detailed Report

=====================================================================
                    End of Table of Contents
=====================================================================

==============================================
1  Timing Overview
==============================================

1.1  SDC Constraints
=====================
create_clock -name {int_osc} -period 41.6667 [get_pins {hf_osc/CLKHF }] 

1.2  Constraint Coverage
---------------------------
Constraint Coverage: 50.3067%


1.3  Overall Summary
---------------------------
 Setup at Speed Grade High-Performance_1.2V Corner at 100 Degrees     Timing Errors: 0 endpoints;  Total Negative Slack: 0.000 ns 
 Hold at Speed Grade m Corner at -40 Degrees                          Timing Errors: 0 endpoints;  Total Negative Slack: 0.000 ns 

1.4  Unconstrained Report
===========================

1.4.1  Unconstrained Start/End Points
--------------------------------------

Clocked but unconstrained timing start points
--------------------------------------------------
There is no start point satisfying reporting criteria


Clocked but unconstrained timing end points
-------------------------------------------------------------------
         Listing 10 End Points          |           Type           
-------------------------------------------------------------------
{key/counting/counter__i22/SP   key/counting/counter__i23/SP}                           
                                        |           No arrival time
{key/counting/counter__i22/SR   key/counting/counter__i23/SR}                           
                                        |           No arrival time
{key/counting/counter__i21/SP   key/counting/counter__i20/SP}                           
                                        |           No arrival time
{key/counting/counter__i21/SR   key/counting/counter__i20/SR}                           
                                        |           No arrival time
{key/counting/counter__i19/SP   key/counting/counter__i18/SP}                           
                                        |           No arrival time
{key/counting/counter__i19/SR   key/counting/counter__i18/SR}                           
                                        |           No arrival time
{key/counting/counter__i17/SP   key/counting/counter__i16/SP}                           
                                        |           No arrival time
{key/counting/counter__i17/SR   key/counting/counter__i16/SR}                           
                                        |           No arrival time
{key/counting/counter__i15/SP   key/counting/counter__i14/SP}                           
                                        |           No arrival time
{key/counting/counter__i15/SR   key/counting/counter__i14/SR}                           
                                        |           No arrival time
-------------------------------------------------------------------
                                        |                          
Number of unconstrained timing end poin |                          
ts                                      |                        24
                                        |                          
-------------------------------------------------------------------

1.4.2  Start/End Points Without Timing Constraints
---------------------------------------------------

I/O ports without constraint
----------------------------
Possible constraints to use on I/O ports are:
set_input_delay,
set_output_delay,
set_max_delay,
create_clock,
create_generated_clock,
...

-------------------------------------------------------------------
     Listing 10 Start or End Points     |           Type           
-------------------------------------------------------------------
reset                                   |                     input
enable                                  |                     input
col[3]                                  |                     input
col[2]                                  |                     input
col[1]                                  |                     input
col[0]                                  |                     input
led[0]                                  |                    output
row[3]                                  |                    output
row[2]                                  |                    output
row[1]                                  |                    output
-------------------------------------------------------------------
                                        |                          
Number of I/O ports without constraint  |                        14
                                        |                          
-------------------------------------------------------------------

Nets without clock definition
Define a clock on a top level port or a generated clock on a clock divider pin associated with this net(s).
--------------------------------------------------
There is no instance satisfying reporting criteria



1.5  Combinational Loop
========================
None

===============================================================
2  Setup at Speed Grade High-Performance_1.2V Corner at 100 Degrees
===============================================================

2.1  Clock Summary
=======================

2.1.1 Clock "int_osc"
=======================
create_clock -name {int_osc} -period 41.6667 [get_pins {hf_osc/CLKHF }] 

Single Clock Domain
-------------------------------------------------------------------------------------------------------
             Clock int_osc              |                    |       Period       |     Frequency      
-------------------------------------------------------------------------------------------------------
 From int_osc                           |             Target |          41.667 ns |         24.000 MHz 
                                        | Actual (all paths) |          20.792 ns |         48.095 MHz 
hf_osc/CLKHF (MPW)                      |   (50% duty cycle) |          20.792 ns |         48.095 MHz 
-------------------------------------------------------------------------------------------------------

Clock Domain Crossing

2.2  Endpoint slacks
=======================
-------------------------------------------------------
          Listing 10 End Points          |    Slack    
-------------------------------------------------------
key/counting/counter__i23/D              |   26.136 ns 
key/counting/counter__i22/D              |   26.968 ns 
key/counting/counter__i19/D              |   27.021 ns 
key/counting/counter__i3/D               |   27.074 ns 
key/counting/counter__i7/D               |   27.074 ns 
key/counting/counter__i18/D              |   27.074 ns 
key/counting/counter__i9/D               |   27.101 ns 
key/counting/counter__i11/D              |   27.101 ns 
key/counting/counter__i13/D              |   27.101 ns 
key/counting/counter__i1/D               |   27.127 ns 
-------------------------------------------------------
                                         |             
Setup # of endpoints with negative slack:|           0 
                                         |             
-------------------------------------------------------

2.3  Detailed Report
=======================


XXXXXXXXXXXXXXXXXXXXXXXXXXXXXXXXXXXXXXXXXXXXXXXXXXXXXXXXXX

Detail report of critical paths

XXXXXXXXXXXXXXXXXXXXXXXXXXXXXXXXXXXXXXXXXXXXXXXXXXXXXXXXXX

+++++++++++++++++++++++++++++++++++++++++++++++++++++++++++++++++++++ 
                    Detailed Report for timing paths 
+++++++++++++++++++++++++++++++++++++++++++++++++++++++++++++++++++++ 

++++ Path 1 ++++++++++++++++++++++++++++++++++++++++++++++++++++++++++ 

Path Begin       : key/counting/counter__i0/Q  (SLICE_R14C4C)
Path End         : key/counting/counter__i23/D  (SLICE_R13C7B)
Source Clock     : int_osc (R)
Destination Clock: int_osc (R)
Logic Level      : 26
Delay Ratio      : 42.8% (route), 57.2% (logic)
Clock Skew       : 0.000 ns 
Setup Constraint : 41.666 ns 
Path Slack       : 26.135 ns  (Passed)


Source Clock Path
Name                                      Cell/Site Name     Delay Name           Incr      Arrival/Required Time  Fanout  
----------------------------------------  -----------------  -------------------  --------  ---------------------  ------  
hf_osc/CLKHF                              HFOSC_HFOSC_R1C32  CLOCK LATENCY           0.000                  0.000  13      
key/counting/int_osc                                         NET DELAY               5.499                  5.499  13      
{key/counting/counter__i0/CK   key/counting/counter__i1/CK}
                                                             CLOCK PIN               0.000                  5.499  1       


Data Path
Name                                      Cell/Site Name     Delay Name           Incr      Arrival/Required Time  Fanout  
----------------------------------------  -----------------  -------------------  --------  ---------------------  ------  
key/counting/counter__i0/CK->key/counting/counter__i0/Q
                                          SLICE_R14C4C       CLK_TO_Q0_DELAY         1.388                  6.887  2       
key/counting/count[0]                                        NET DELAY               2.075                  8.962  2       
key/counting/add_11_add_5_1/B1->key/counting/add_11_add_5_1/CO1
                                          SLICE_R13C4A       B1_TO_COUT1_DELAY       0.357                  9.319  2       
key/counting/n773                                            NET DELAY               0.000                  9.319  2       
key/counting/add_11_add_5_3/CI0->key/counting/add_11_add_5_3/CO0
                                          SLICE_R13C4B       CIN0_TO_COUT0_DELAY     0.277                  9.596  2       
key/counting/n1233                                           NET DELAY               0.000                  9.596  2       
key/counting/add_11_add_5_3/CI1->key/counting/add_11_add_5_3/CO1
                                          SLICE_R13C4B       CIN1_TO_COUT1_DELAY     0.277                  9.873  2       
key/counting/n775                                            NET DELAY               0.000                  9.873  2       
key/counting/add_11_add_5_5/CI0->key/counting/add_11_add_5_5/CO0
                                          SLICE_R13C4C       CIN0_TO_COUT0_DELAY     0.277                 10.150  2       
key/counting/n1236                                           NET DELAY               0.000                 10.150  2       
key/counting/add_11_add_5_5/CI1->key/counting/add_11_add_5_5/CO1
                                          SLICE_R13C4C       CIN1_TO_COUT1_DELAY     0.277                 10.427  2       
key/counting/n777                                            NET DELAY               0.000                 10.427  2       
key/counting/add_11_add_5_7/CI0->key/counting/add_11_add_5_7/CO0
                                          SLICE_R13C4D       CIN0_TO_COUT0_DELAY     0.277                 10.704  2       
key/counting/n1239                                           NET DELAY               0.000                 10.704  2       
key/counting/add_11_add_5_7/CI1->key/counting/add_11_add_5_7/CO1
                                          SLICE_R13C4D       CIN1_TO_COUT1_DELAY     0.277                 10.981  2       
key/counting/n779                                            NET DELAY               0.555                 11.536  2       
key/counting/add_11_add_5_9/CI0->key/counting/add_11_add_5_9/CO0
                                          SLICE_R13C5A       CIN0_TO_COUT0_DELAY     0.277                 11.813  2       
key/counting/n1242                                           NET DELAY               0.000                 11.813  2       
key/counting/add_11_add_5_9/CI1->key/counting/add_11_add_5_9/CO1
                                          SLICE_R13C5A       CIN1_TO_COUT1_DELAY     0.277                 12.090  2       
key/counting/n781                                            NET DELAY               0.000                 12.090  2       
key/counting/add_11_add_5_11/CI0->key/counting/add_11_add_5_11/CO0
                                          SLICE_R13C5B       CIN0_TO_COUT0_DELAY     0.277                 12.367  2       
key/counting/n1245                                           NET DELAY               0.000                 12.367  2       
key/counting/add_11_add_5_11/CI1->key/counting/add_11_add_5_11/CO1
                                          SLICE_R13C5B       CIN1_TO_COUT1_DELAY     0.277                 12.644  2       
key/counting/n783                                            NET DELAY               0.000                 12.644  2       
key/counting/add_11_add_5_13/CI0->key/counting/add_11_add_5_13/CO0
                                          SLICE_R13C5C       CIN0_TO_COUT0_DELAY     0.277                 12.921  2       
key/counting/n1248                                           NET DELAY               0.000                 12.921  2       
key/counting/add_11_add_5_13/CI1->key/counting/add_11_add_5_13/CO1
                                          SLICE_R13C5C       CIN1_TO_COUT1_DELAY     0.277                 13.198  2       
key/counting/n785                                            NET DELAY               0.000                 13.198  2       
key/counting/add_11_add_5_15/CI0->key/counting/add_11_add_5_15/CO0
                                          SLICE_R13C5D       CIN0_TO_COUT0_DELAY     0.277                 13.475  2       
key/counting/n1251                                           NET DELAY               0.000                 13.475  2       
key/counting/add_11_add_5_15/CI1->key/counting/add_11_add_5_15/CO1
                                          SLICE_R13C5D       CIN1_TO_COUT1_DELAY     0.277                 13.752  2       
key/counting/n787                                            NET DELAY               0.555                 14.307  2       
key/counting/add_11_add_5_17/CI0->key/counting/add_11_add_5_17/CO0
                                          SLICE_R13C6A       CIN0_TO_COUT0_DELAY     0.277                 14.584  2       
key/counting/n1254                                           NET DELAY               0.000                 14.584  2       
key/counting/add_11_add_5_17/CI1->key/counting/add_11_add_5_17/CO1
                                          SLICE_R13C6A       CIN1_TO_COUT1_DELAY     0.277                 14.861  2       
key/counting/n789                                            NET DELAY               0.000                 14.861  2       
key/counting/add_11_add_5_19/CI0->key/counting/add_11_add_5_19/CO0
                                          SLICE_R13C6B       CIN0_TO_COUT0_DELAY     0.277                 15.138  2       
key/counting/n1257                                           NET DELAY               0.000                 15.138  2       
key/counting/add_11_add_5_19/CI1->key/counting/add_11_add_5_19/CO1
                                          SLICE_R13C6B       CIN1_TO_COUT1_DELAY     0.277                 15.415  2       
key/counting/n791                                            NET DELAY               0.000                 15.415  2       
key/counting/add_11_add_5_21/CI0->key/counting/add_11_add_5_21/CO0
                                          SLICE_R13C6C       CIN0_TO_COUT0_DELAY     0.277                 15.692  2       
key/counting/n1260                                           NET DELAY               0.000                 15.692  2       
key/counting/add_11_add_5_21/CI1->key/counting/add_11_add_5_21/CO1
                                          SLICE_R13C6C       CIN1_TO_COUT1_DELAY     0.277                 15.969  2       
key/counting/n793                                            NET DELAY               0.000                 15.969  2       
key/counting/add_11_add_5_23/CI0->key/counting/add_11_add_5_23/CO0
                                          SLICE_R13C6D       CIN0_TO_COUT0_DELAY     0.277                 16.246  2       
key/counting/n1263                                           NET DELAY               0.000                 16.246  2       
key/counting/add_11_add_5_23/CI1->key/counting/add_11_add_5_23/CO1
                                          SLICE_R13C6D       CIN1_TO_COUT1_DELAY     0.277                 16.523  2       
key/counting/n795                                            NET DELAY               1.216                 17.739  2       
key/counting/add_11_add_5_25/D0->key/counting/add_11_add_5_25/S0
                                          SLICE_R13C7A       D0_TO_F0_DELAY          0.449                 18.188  1       
key/counting/n127[23]                                        NET DELAY               2.168                 20.356  1       
key/counting/i466_2_lut/A->key/counting/i466_2_lut/Z
                                          SLICE_R13C7B       D1_TO_F1_DELAY          0.476                 20.832  1       
key/counting/n39[23]                                         NET DELAY               0.000                 20.832  1       
key/counting/counter__i23/D                                  ENDPOINT                0.000                 20.832  1       


Destination Clock Path
Name                                      Cell/Site Name     Delay Name           Incr      Arrival/Required Time  Fanout  
----------------------------------------  -----------------  -------------------  --------  ---------------------  ------  
                                                             CONSTRAINT              0.000                 41.666  1       
hf_osc/CLKHF                              HFOSC_HFOSC_R1C32  CLOCK LATENCY           0.000                 41.666  13      
key/counting/int_osc                                         NET DELAY               5.499                 47.165  13      
{key/counting/counter__i22/CK   key/counting/counter__i23/CK}
                                                             CLOCK PIN               0.000                 47.165  1       
                                                             Uncertainty          -(0.000)                 47.165  
                                                             Setup time           -(0.198)                 46.967  
----------------------------------------  -----------------  -------------------  --------  ---------------------  ------  
Required Time                                                                                              46.967  
Arrival Time                                                                                            -(20.831)  
----------------------------------------  -----------------  -------------------  --------  ---------------------  ------  
Path Slack  (Passed)                                                                                       26.135  




++++ Path 2 ++++++++++++++++++++++++++++++++++++++++++++++++++++++++++ 

Path Begin       : key/counting/counter__i0/Q  (SLICE_R14C4C)
Path End         : key/counting/counter__i22/D  (SLICE_R13C7B)
Source Clock     : int_osc (R)
Destination Clock: int_osc (R)
Logic Level      : 25
Delay Ratio      : 41.5% (route), 58.5% (logic)
Clock Skew       : 0.000 ns 
Setup Constraint : 41.666 ns 
Path Slack       : 26.967 ns  (Passed)


Source Clock Path
Name                                      Cell/Site Name     Delay Name           Incr      Arrival/Required Time  Fanout  
----------------------------------------  -----------------  -------------------  --------  ---------------------  ------  
hf_osc/CLKHF                              HFOSC_HFOSC_R1C32  CLOCK LATENCY           0.000                  0.000  13      
key/counting/int_osc                                         NET DELAY               5.499                  5.499  13      
{key/counting/counter__i0/CK   key/counting/counter__i1/CK}
                                                             CLOCK PIN               0.000                  5.499  1       


Data Path
Name                                      Cell/Site Name     Delay Name           Incr      Arrival/Required Time  Fanout  
----------------------------------------  -----------------  -------------------  --------  ---------------------  ------  
key/counting/counter__i0/CK->key/counting/counter__i0/Q
                                          SLICE_R14C4C       CLK_TO_Q0_DELAY         1.388                  6.887  2       
key/counting/count[0]                                        NET DELAY               2.075                  8.962  2       
key/counting/add_11_add_5_1/B1->key/counting/add_11_add_5_1/CO1
                                          SLICE_R13C4A       B1_TO_COUT1_DELAY       0.357                  9.319  2       
key/counting/n773                                            NET DELAY               0.000                  9.319  2       
key/counting/add_11_add_5_3/CI0->key/counting/add_11_add_5_3/CO0
                                          SLICE_R13C4B       CIN0_TO_COUT0_DELAY     0.277                  9.596  2       
key/counting/n1233                                           NET DELAY               0.000                  9.596  2       
key/counting/add_11_add_5_3/CI1->key/counting/add_11_add_5_3/CO1
                                          SLICE_R13C4B       CIN1_TO_COUT1_DELAY     0.277                  9.873  2       
key/counting/n775                                            NET DELAY               0.000                  9.873  2       
key/counting/add_11_add_5_5/CI0->key/counting/add_11_add_5_5/CO0
                                          SLICE_R13C4C       CIN0_TO_COUT0_DELAY     0.277                 10.150  2       
key/counting/n1236                                           NET DELAY               0.000                 10.150  2       
key/counting/add_11_add_5_5/CI1->key/counting/add_11_add_5_5/CO1
                                          SLICE_R13C4C       CIN1_TO_COUT1_DELAY     0.277                 10.427  2       
key/counting/n777                                            NET DELAY               0.000                 10.427  2       
key/counting/add_11_add_5_7/CI0->key/counting/add_11_add_5_7/CO0
                                          SLICE_R13C4D       CIN0_TO_COUT0_DELAY     0.277                 10.704  2       
key/counting/n1239                                           NET DELAY               0.000                 10.704  2       
key/counting/add_11_add_5_7/CI1->key/counting/add_11_add_5_7/CO1
                                          SLICE_R13C4D       CIN1_TO_COUT1_DELAY     0.277                 10.981  2       
key/counting/n779                                            NET DELAY               0.555                 11.536  2       
key/counting/add_11_add_5_9/CI0->key/counting/add_11_add_5_9/CO0
                                          SLICE_R13C5A       CIN0_TO_COUT0_DELAY     0.277                 11.813  2       
key/counting/n1242                                           NET DELAY               0.000                 11.813  2       
key/counting/add_11_add_5_9/CI1->key/counting/add_11_add_5_9/CO1
                                          SLICE_R13C5A       CIN1_TO_COUT1_DELAY     0.277                 12.090  2       
key/counting/n781                                            NET DELAY               0.000                 12.090  2       
key/counting/add_11_add_5_11/CI0->key/counting/add_11_add_5_11/CO0
                                          SLICE_R13C5B       CIN0_TO_COUT0_DELAY     0.277                 12.367  2       
key/counting/n1245                                           NET DELAY               0.000                 12.367  2       
key/counting/add_11_add_5_11/CI1->key/counting/add_11_add_5_11/CO1
                                          SLICE_R13C5B       CIN1_TO_COUT1_DELAY     0.277                 12.644  2       
key/counting/n783                                            NET DELAY               0.000                 12.644  2       
key/counting/add_11_add_5_13/CI0->key/counting/add_11_add_5_13/CO0
                                          SLICE_R13C5C       CIN0_TO_COUT0_DELAY     0.277                 12.921  2       
key/counting/n1248                                           NET DELAY               0.000                 12.921  2       
key/counting/add_11_add_5_13/CI1->key/counting/add_11_add_5_13/CO1
                                          SLICE_R13C5C       CIN1_TO_COUT1_DELAY     0.277                 13.198  2       
key/counting/n785                                            NET DELAY               0.000                 13.198  2       
key/counting/add_11_add_5_15/CI0->key/counting/add_11_add_5_15/CO0
                                          SLICE_R13C5D       CIN0_TO_COUT0_DELAY     0.277                 13.475  2       
key/counting/n1251                                           NET DELAY               0.000                 13.475  2       
key/counting/add_11_add_5_15/CI1->key/counting/add_11_add_5_15/CO1
                                          SLICE_R13C5D       CIN1_TO_COUT1_DELAY     0.277                 13.752  2       
key/counting/n787                                            NET DELAY               0.555                 14.307  2       
key/counting/add_11_add_5_17/CI0->key/counting/add_11_add_5_17/CO0
                                          SLICE_R13C6A       CIN0_TO_COUT0_DELAY     0.277                 14.584  2       
key/counting/n1254                                           NET DELAY               0.000                 14.584  2       
key/counting/add_11_add_5_17/CI1->key/counting/add_11_add_5_17/CO1
                                          SLICE_R13C6A       CIN1_TO_COUT1_DELAY     0.277                 14.861  2       
key/counting/n789                                            NET DELAY               0.000                 14.861  2       
key/counting/add_11_add_5_19/CI0->key/counting/add_11_add_5_19/CO0
                                          SLICE_R13C6B       CIN0_TO_COUT0_DELAY     0.277                 15.138  2       
key/counting/n1257                                           NET DELAY               0.000                 15.138  2       
key/counting/add_11_add_5_19/CI1->key/counting/add_11_add_5_19/CO1
                                          SLICE_R13C6B       CIN1_TO_COUT1_DELAY     0.277                 15.415  2       
key/counting/n791                                            NET DELAY               0.000                 15.415  2       
key/counting/add_11_add_5_21/CI0->key/counting/add_11_add_5_21/CO0
                                          SLICE_R13C6C       CIN0_TO_COUT0_DELAY     0.277                 15.692  2       
key/counting/n1260                                           NET DELAY               0.000                 15.692  2       
key/counting/add_11_add_5_21/CI1->key/counting/add_11_add_5_21/CO1
                                          SLICE_R13C6C       CIN1_TO_COUT1_DELAY     0.277                 15.969  2       
key/counting/n793                                            NET DELAY               0.000                 15.969  2       
key/counting/add_11_add_5_23/CI0->key/counting/add_11_add_5_23/CO0
                                          SLICE_R13C6D       CIN0_TO_COUT0_DELAY     0.277                 16.246  2       
key/counting/n1263                                           NET DELAY               0.661                 16.907  2       
key/counting/add_11_add_5_23/D1->key/counting/add_11_add_5_23/S1
                                          SLICE_R13C6D       D1_TO_F1_DELAY          0.449                 17.356  1       
key/counting/n127[22]                                        NET DELAY               2.168                 19.524  1       
key/counting/i468_2_lut/A->key/counting/i468_2_lut/Z
                                          SLICE_R13C7B       D0_TO_F0_DELAY          0.476                 20.000  1       
key/counting/n39[22]                                         NET DELAY               0.000                 20.000  1       
key/counting/counter__i22/D                                  ENDPOINT                0.000                 20.000  1       


Destination Clock Path
Name                                      Cell/Site Name     Delay Name           Incr      Arrival/Required Time  Fanout  
----------------------------------------  -----------------  -------------------  --------  ---------------------  ------  
                                                             CONSTRAINT              0.000                 41.666  1       
hf_osc/CLKHF                              HFOSC_HFOSC_R1C32  CLOCK LATENCY           0.000                 41.666  13      
key/counting/int_osc                                         NET DELAY               5.499                 47.165  13      
{key/counting/counter__i22/CK   key/counting/counter__i23/CK}
                                                             CLOCK PIN               0.000                 47.165  1       
                                                             Uncertainty          -(0.000)                 47.165  
                                                             Setup time           -(0.198)                 46.967  
----------------------------------------  -----------------  -------------------  --------  ---------------------  ------  
Required Time                                                                                              46.967  
Arrival Time                                                                                            -(19.999)  
----------------------------------------  -----------------  -------------------  --------  ---------------------  ------  
Path Slack  (Passed)                                                                                       26.967  




++++ Path 3 ++++++++++++++++++++++++++++++++++++++++++++++++++++++++++ 

Path Begin       : key/counting/counter__i13/Q  (SLICE_R14C5C)
Path End         : key/counting/counter__i19/D  (SLICE_R14C6A)
Source Clock     : int_osc (R)
Destination Clock: int_osc (R)
Logic Level      : 7
Delay Ratio      : 71.0% (route), 29.0% (logic)
Clock Skew       : 0.000 ns 
Setup Constraint : 41.666 ns 
Path Slack       : 27.020 ns  (Passed)


Source Clock Path
Name                                      Cell/Site Name     Delay Name       Incr      Arrival/Required Time  Fanout  
----------------------------------------  -----------------  ---------------  --------  ---------------------  ------  
hf_osc/CLKHF                              HFOSC_HFOSC_R1C32  CLOCK LATENCY       0.000                  0.000  13      
key/counting/int_osc                                         NET DELAY           5.499                  5.499  13      
{key/counting/counter__i13/CK   key/counting/counter__i12/CK}
                                                             CLOCK PIN           0.000                  5.499  1       


Data Path
Name                                      Cell/Site Name     Delay Name       Incr      Arrival/Required Time  Fanout  
----------------------------------------  -----------------  ---------------  --------  ---------------------  ------  
key/counting/counter__i13/CK->key/counting/counter__i13/Q
                                          SLICE_R14C5C       CLK_TO_Q0_DELAY     1.388                  6.887  5       
key/counting/count[13]                                       NET DELAY           3.186                 10.073  5       
key/i2_3_lut/A->key/i2_3_lut/Z            SLICE_R12C4A       B0_TO_F0_DELAY      0.449                 10.522  2       
key/n360                                                     NET DELAY           2.485                 13.007  2       
key/i608_4_lut/B->key/i608_4_lut/Z        SLICE_R12C5A       B1_TO_F1_DELAY      0.476                 13.483  1       
key/n640                                                     NET DELAY           0.304                 13.787  1       
key/i1_4_lut/A->key/i1_4_lut/Z            SLICE_R12C5B       C0_TO_F0_DELAY      0.476                 14.263  2       
key/n4                                                       NET DELAY           0.304                 14.567  2       
key/i2_2_lut/B->key/i2_2_lut/Z            SLICE_R12C5B       C1_TO_F1_DELAY      0.476                 15.043  1       
key/counting/n882                                            NET DELAY           0.304                 15.347  1       
key/counting/i144_4_lut/A->key/counting/i144_4_lut/Z
                                          SLICE_R12C5C       C0_TO_F0_DELAY      0.449                 15.796  24      
key/counting/n4                                              NET DELAY           3.675                 19.471  24      
key/counting/i472_2_lut/B->key/counting/i472_2_lut/Z
                                          SLICE_R14C6A       B0_TO_F0_DELAY      0.476                 19.947  1       
key/counting/n39[19]                                         NET DELAY           0.000                 19.947  1       
key/counting/counter__i19/D                                  ENDPOINT            0.000                 19.947  1       


Destination Clock Path
Name                                      Cell/Site Name     Delay Name       Incr      Arrival/Required Time  Fanout  
----------------------------------------  -----------------  ---------------  --------  ---------------------  ------  
                                                             CONSTRAINT          0.000                 41.666  1       
hf_osc/CLKHF                              HFOSC_HFOSC_R1C32  CLOCK LATENCY       0.000                 41.666  13      
key/counting/int_osc                                         NET DELAY           5.499                 47.165  13      
{key/counting/counter__i19/CK   key/counting/counter__i18/CK}
                                                             CLOCK PIN           0.000                 47.165  1       
                                                             Uncertainty      -(0.000)                 47.165  
                                                             Setup time       -(0.198)                 46.967  
----------------------------------------  -----------------  ---------------  --------  ---------------------  ------  
Required Time                                                                                          46.967  
Arrival Time                                                                                        -(19.946)  
----------------------------------------  -----------------  ---------------  --------  ---------------------  ------  
Path Slack  (Passed)                                                                                   27.020  




++++ Path 4 ++++++++++++++++++++++++++++++++++++++++++++++++++++++++++ 

Path Begin       : key/counting/counter__i13/Q  (SLICE_R14C5C)
Path End         : key/counting/counter__i3/D  (SLICE_R14C4D)
Source Clock     : int_osc (R)
Destination Clock: int_osc (R)
Logic Level      : 7
Delay Ratio      : 70.9% (route), 29.1% (logic)
Clock Skew       : 0.000 ns 
Setup Constraint : 41.666 ns 
Path Slack       : 27.073 ns  (Passed)


Source Clock Path
Name                                      Cell/Site Name     Delay Name       Incr      Arrival/Required Time  Fanout  
----------------------------------------  -----------------  ---------------  --------  ---------------------  ------  
hf_osc/CLKHF                              HFOSC_HFOSC_R1C32  CLOCK LATENCY       0.000                  0.000  13      
key/counting/int_osc                                         NET DELAY           5.499                  5.499  13      
{key/counting/counter__i13/CK   key/counting/counter__i12/CK}
                                                             CLOCK PIN           0.000                  5.499  1       


Data Path
Name                                      Cell/Site Name     Delay Name       Incr      Arrival/Required Time  Fanout  
----------------------------------------  -----------------  ---------------  --------  ---------------------  ------  
key/counting/counter__i13/CK->key/counting/counter__i13/Q
                                          SLICE_R14C5C       CLK_TO_Q0_DELAY     1.388                  6.887  5       
key/counting/count[13]                                       NET DELAY           3.186                 10.073  5       
key/i2_3_lut/A->key/i2_3_lut/Z            SLICE_R12C4A       B0_TO_F0_DELAY      0.449                 10.522  2       
key/n360                                                     NET DELAY           2.485                 13.007  2       
key/i608_4_lut/B->key/i608_4_lut/Z        SLICE_R12C5A       B1_TO_F1_DELAY      0.476                 13.483  1       
key/n640                                                     NET DELAY           0.304                 13.787  1       
key/i1_4_lut/A->key/i1_4_lut/Z            SLICE_R12C5B       C0_TO_F0_DELAY      0.476                 14.263  2       
key/n4                                                       NET DELAY           0.304                 14.567  2       
key/i2_2_lut/B->key/i2_2_lut/Z            SLICE_R12C5B       C1_TO_F1_DELAY      0.476                 15.043  1       
key/counting/n882                                            NET DELAY           0.304                 15.347  1       
key/counting/i144_4_lut/A->key/counting/i144_4_lut/Z
                                          SLICE_R12C5C       C0_TO_F0_DELAY      0.449                 15.796  24      
key/counting/n4                                              NET DELAY           3.622                 19.418  24      
key/counting/i562_2_lut/B->key/counting/i562_2_lut/Z
                                          SLICE_R14C4D       B0_TO_F0_DELAY      0.476                 19.894  1       
key/counting/n39[3]                                          NET DELAY           0.000                 19.894  1       
key/counting/counter__i3/D                                   ENDPOINT            0.000                 19.894  1       


Destination Clock Path
Name                                      Cell/Site Name     Delay Name       Incr      Arrival/Required Time  Fanout  
----------------------------------------  -----------------  ---------------  --------  ---------------------  ------  
                                                             CONSTRAINT          0.000                 41.666  1       
hf_osc/CLKHF                              HFOSC_HFOSC_R1C32  CLOCK LATENCY       0.000                 41.666  13      
key/counting/int_osc                                         NET DELAY           5.499                 47.165  13      
{key/counting/counter__i3/CK   key/counting/counter__i2/CK}
                                                             CLOCK PIN           0.000                 47.165  1       
                                                             Uncertainty      -(0.000)                 47.165  
                                                             Setup time       -(0.198)                 46.967  
----------------------------------------  -----------------  ---------------  --------  ---------------------  ------  
Required Time                                                                                          46.967  
Arrival Time                                                                                        -(19.893)  
----------------------------------------  -----------------  ---------------  --------  ---------------------  ------  
Path Slack  (Passed)                                                                                   27.073  




++++ Path 5 ++++++++++++++++++++++++++++++++++++++++++++++++++++++++++ 

Path Begin       : key/counting/counter__i13/Q  (SLICE_R14C5C)
Path End         : key/counting/counter__i7/D  (SLICE_R14C4A)
Source Clock     : int_osc (R)
Destination Clock: int_osc (R)
Logic Level      : 7
Delay Ratio      : 70.9% (route), 29.1% (logic)
Clock Skew       : 0.000 ns 
Setup Constraint : 41.666 ns 
Path Slack       : 27.073 ns  (Passed)


Source Clock Path
Name                                      Cell/Site Name     Delay Name       Incr      Arrival/Required Time  Fanout  
----------------------------------------  -----------------  ---------------  --------  ---------------------  ------  
hf_osc/CLKHF                              HFOSC_HFOSC_R1C32  CLOCK LATENCY       0.000                  0.000  13      
key/counting/int_osc                                         NET DELAY           5.499                  5.499  13      
{key/counting/counter__i13/CK   key/counting/counter__i12/CK}
                                                             CLOCK PIN           0.000                  5.499  1       


Data Path
Name                                      Cell/Site Name     Delay Name       Incr      Arrival/Required Time  Fanout  
----------------------------------------  -----------------  ---------------  --------  ---------------------  ------  
key/counting/counter__i13/CK->key/counting/counter__i13/Q
                                          SLICE_R14C5C       CLK_TO_Q0_DELAY     1.388                  6.887  5       
key/counting/count[13]                                       NET DELAY           3.186                 10.073  5       
key/i2_3_lut/A->key/i2_3_lut/Z            SLICE_R12C4A       B0_TO_F0_DELAY      0.449                 10.522  2       
key/n360                                                     NET DELAY           2.485                 13.007  2       
key/i608_4_lut/B->key/i608_4_lut/Z        SLICE_R12C5A       B1_TO_F1_DELAY      0.476                 13.483  1       
key/n640                                                     NET DELAY           0.304                 13.787  1       
key/i1_4_lut/A->key/i1_4_lut/Z            SLICE_R12C5B       C0_TO_F0_DELAY      0.476                 14.263  2       
key/n4                                                       NET DELAY           0.304                 14.567  2       
key/i2_2_lut/B->key/i2_2_lut/Z            SLICE_R12C5B       C1_TO_F1_DELAY      0.476                 15.043  1       
key/counting/n882                                            NET DELAY           0.304                 15.347  1       
key/counting/i144_4_lut/A->key/counting/i144_4_lut/Z
                                          SLICE_R12C5C       C0_TO_F0_DELAY      0.449                 15.796  24      
key/counting/n4                                              NET DELAY           3.622                 19.418  24      
key/counting/i552_2_lut/B->key/counting/i552_2_lut/Z
                                          SLICE_R14C4A       B0_TO_F0_DELAY      0.476                 19.894  1       
key/counting/n39[7]                                          NET DELAY           0.000                 19.894  1       
key/counting/counter__i7/D                                   ENDPOINT            0.000                 19.894  1       


Destination Clock Path
Name                                      Cell/Site Name     Delay Name       Incr      Arrival/Required Time  Fanout  
----------------------------------------  -----------------  ---------------  --------  ---------------------  ------  
                                                             CONSTRAINT          0.000                 41.666  1       
hf_osc/CLKHF                              HFOSC_HFOSC_R1C32  CLOCK LATENCY       0.000                 41.666  13      
key/counting/int_osc                                         NET DELAY           5.499                 47.165  13      
{key/counting/counter__i7/CK   key/counting/counter__i6/CK}
                                                             CLOCK PIN           0.000                 47.165  1       
                                                             Uncertainty      -(0.000)                 47.165  
                                                             Setup time       -(0.198)                 46.967  
----------------------------------------  -----------------  ---------------  --------  ---------------------  ------  
Required Time                                                                                          46.967  
Arrival Time                                                                                        -(19.893)  
----------------------------------------  -----------------  ---------------  --------  ---------------------  ------  
Path Slack  (Passed)                                                                                   27.073  




++++ Path 6 ++++++++++++++++++++++++++++++++++++++++++++++++++++++++++ 

Path Begin       : key/counting/counter__i13/Q  (SLICE_R14C5C)
Path End         : key/counting/counter__i18/D  (SLICE_R14C6A)
Source Clock     : int_osc (R)
Destination Clock: int_osc (R)
Logic Level      : 7
Delay Ratio      : 70.9% (route), 29.1% (logic)
Clock Skew       : 0.000 ns 
Setup Constraint : 41.666 ns 
Path Slack       : 27.073 ns  (Passed)


Source Clock Path
Name                                      Cell/Site Name     Delay Name       Incr      Arrival/Required Time  Fanout  
----------------------------------------  -----------------  ---------------  --------  ---------------------  ------  
hf_osc/CLKHF                              HFOSC_HFOSC_R1C32  CLOCK LATENCY       0.000                  0.000  13      
key/counting/int_osc                                         NET DELAY           5.499                  5.499  13      
{key/counting/counter__i13/CK   key/counting/counter__i12/CK}
                                                             CLOCK PIN           0.000                  5.499  1       


Data Path
Name                                      Cell/Site Name     Delay Name       Incr      Arrival/Required Time  Fanout  
----------------------------------------  -----------------  ---------------  --------  ---------------------  ------  
key/counting/counter__i13/CK->key/counting/counter__i13/Q
                                          SLICE_R14C5C       CLK_TO_Q0_DELAY     1.388                  6.887  5       
key/counting/count[13]                                       NET DELAY           3.186                 10.073  5       
key/i2_3_lut/A->key/i2_3_lut/Z            SLICE_R12C4A       B0_TO_F0_DELAY      0.449                 10.522  2       
key/n360                                                     NET DELAY           2.485                 13.007  2       
key/i608_4_lut/B->key/i608_4_lut/Z        SLICE_R12C5A       B1_TO_F1_DELAY      0.476                 13.483  1       
key/n640                                                     NET DELAY           0.304                 13.787  1       
key/i1_4_lut/A->key/i1_4_lut/Z            SLICE_R12C5B       C0_TO_F0_DELAY      0.476                 14.263  2       
key/n4                                                       NET DELAY           0.304                 14.567  2       
key/i2_2_lut/B->key/i2_2_lut/Z            SLICE_R12C5B       C1_TO_F1_DELAY      0.476                 15.043  1       
key/counting/n882                                            NET DELAY           0.304                 15.347  1       
key/counting/i144_4_lut/A->key/counting/i144_4_lut/Z
                                          SLICE_R12C5C       C0_TO_F0_DELAY      0.449                 15.796  24      
key/counting/n4                                              NET DELAY           3.622                 19.418  24      
key/counting/i473_2_lut/B->key/counting/i473_2_lut/Z
                                          SLICE_R14C6A       C1_TO_F1_DELAY      0.476                 19.894  1       
key/counting/n39[18]                                         NET DELAY           0.000                 19.894  1       
key/counting/counter__i18/D                                  ENDPOINT            0.000                 19.894  1       


Destination Clock Path
Name                                      Cell/Site Name     Delay Name       Incr      Arrival/Required Time  Fanout  
----------------------------------------  -----------------  ---------------  --------  ---------------------  ------  
                                                             CONSTRAINT          0.000                 41.666  1       
hf_osc/CLKHF                              HFOSC_HFOSC_R1C32  CLOCK LATENCY       0.000                 41.666  13      
key/counting/int_osc                                         NET DELAY           5.499                 47.165  13      
{key/counting/counter__i19/CK   key/counting/counter__i18/CK}
                                                             CLOCK PIN           0.000                 47.165  1       
                                                             Uncertainty      -(0.000)                 47.165  
                                                             Setup time       -(0.198)                 46.967  
----------------------------------------  -----------------  ---------------  --------  ---------------------  ------  
Required Time                                                                                          46.967  
Arrival Time                                                                                        -(19.893)  
----------------------------------------  -----------------  ---------------  --------  ---------------------  ------  
Path Slack  (Passed)                                                                                   27.073  




++++ Path 7 ++++++++++++++++++++++++++++++++++++++++++++++++++++++++++ 

Path Begin       : key/counting/counter__i13/Q  (SLICE_R14C5C)
Path End         : key/counting/counter__i9/D  (SLICE_R14C5D)
Source Clock     : int_osc (R)
Destination Clock: int_osc (R)
Logic Level      : 7
Delay Ratio      : 70.8% (route), 29.2% (logic)
Clock Skew       : 0.000 ns 
Setup Constraint : 41.666 ns 
Path Slack       : 27.100 ns  (Passed)


Source Clock Path
Name                                      Cell/Site Name     Delay Name       Incr      Arrival/Required Time  Fanout  
----------------------------------------  -----------------  ---------------  --------  ---------------------  ------  
hf_osc/CLKHF                              HFOSC_HFOSC_R1C32  CLOCK LATENCY       0.000                  0.000  13      
key/counting/int_osc                                         NET DELAY           5.499                  5.499  13      
{key/counting/counter__i13/CK   key/counting/counter__i12/CK}
                                                             CLOCK PIN           0.000                  5.499  1       


Data Path
Name                                      Cell/Site Name     Delay Name       Incr      Arrival/Required Time  Fanout  
----------------------------------------  -----------------  ---------------  --------  ---------------------  ------  
key/counting/counter__i13/CK->key/counting/counter__i13/Q
                                          SLICE_R14C5C       CLK_TO_Q0_DELAY     1.388                  6.887  5       
key/counting/count[13]                                       NET DELAY           3.186                 10.073  5       
key/i2_3_lut/A->key/i2_3_lut/Z            SLICE_R12C4A       B0_TO_F0_DELAY      0.449                 10.522  2       
key/n360                                                     NET DELAY           2.485                 13.007  2       
key/i608_4_lut/B->key/i608_4_lut/Z        SLICE_R12C5A       B1_TO_F1_DELAY      0.476                 13.483  1       
key/n640                                                     NET DELAY           0.304                 13.787  1       
key/i1_4_lut/A->key/i1_4_lut/Z            SLICE_R12C5B       C0_TO_F0_DELAY      0.476                 14.263  2       
key/n4                                                       NET DELAY           0.304                 14.567  2       
key/i2_2_lut/B->key/i2_2_lut/Z            SLICE_R12C5B       C1_TO_F1_DELAY      0.476                 15.043  1       
key/counting/n882                                            NET DELAY           0.304                 15.347  1       
key/counting/i144_4_lut/A->key/counting/i144_4_lut/Z
                                          SLICE_R12C5C       C0_TO_F0_DELAY      0.449                 15.796  24      
key/counting/n4                                              NET DELAY           3.595                 19.391  24      
key/counting/i546_2_lut/B->key/counting/i546_2_lut/Z
                                          SLICE_R14C5D       B0_TO_F0_DELAY      0.476                 19.867  1       
key/counting/n39[9]                                          NET DELAY           0.000                 19.867  1       
key/counting/counter__i9/D                                   ENDPOINT            0.000                 19.867  1       


Destination Clock Path
Name                                      Cell/Site Name     Delay Name       Incr      Arrival/Required Time  Fanout  
----------------------------------------  -----------------  ---------------  --------  ---------------------  ------  
                                                             CONSTRAINT          0.000                 41.666  1       
hf_osc/CLKHF                              HFOSC_HFOSC_R1C32  CLOCK LATENCY       0.000                 41.666  13      
key/counting/int_osc                                         NET DELAY           5.499                 47.165  13      
{key/counting/counter__i9/CK   key/counting/counter__i8/CK}
                                                             CLOCK PIN           0.000                 47.165  1       
                                                             Uncertainty      -(0.000)                 47.165  
                                                             Setup time       -(0.198)                 46.967  
----------------------------------------  -----------------  ---------------  --------  ---------------------  ------  
Required Time                                                                                          46.967  
Arrival Time                                                                                        -(19.866)  
----------------------------------------  -----------------  ---------------  --------  ---------------------  ------  
Path Slack  (Passed)                                                                                   27.100  




++++ Path 8 ++++++++++++++++++++++++++++++++++++++++++++++++++++++++++ 

Path Begin       : key/counting/counter__i13/Q  (SLICE_R14C5C)
Path End         : key/counting/counter__i11/D  (SLICE_R14C5A)
Source Clock     : int_osc (R)
Destination Clock: int_osc (R)
Logic Level      : 7
Delay Ratio      : 70.8% (route), 29.2% (logic)
Clock Skew       : 0.000 ns 
Setup Constraint : 41.666 ns 
Path Slack       : 27.100 ns  (Passed)


Source Clock Path
Name                                      Cell/Site Name     Delay Name       Incr      Arrival/Required Time  Fanout  
----------------------------------------  -----------------  ---------------  --------  ---------------------  ------  
hf_osc/CLKHF                              HFOSC_HFOSC_R1C32  CLOCK LATENCY       0.000                  0.000  13      
key/counting/int_osc                                         NET DELAY           5.499                  5.499  13      
{key/counting/counter__i13/CK   key/counting/counter__i12/CK}
                                                             CLOCK PIN           0.000                  5.499  1       


Data Path
Name                                      Cell/Site Name     Delay Name       Incr      Arrival/Required Time  Fanout  
----------------------------------------  -----------------  ---------------  --------  ---------------------  ------  
key/counting/counter__i13/CK->key/counting/counter__i13/Q
                                          SLICE_R14C5C       CLK_TO_Q0_DELAY     1.388                  6.887  5       
key/counting/count[13]                                       NET DELAY           3.186                 10.073  5       
key/i2_3_lut/A->key/i2_3_lut/Z            SLICE_R12C4A       B0_TO_F0_DELAY      0.449                 10.522  2       
key/n360                                                     NET DELAY           2.485                 13.007  2       
key/i608_4_lut/B->key/i608_4_lut/Z        SLICE_R12C5A       B1_TO_F1_DELAY      0.476                 13.483  1       
key/n640                                                     NET DELAY           0.304                 13.787  1       
key/i1_4_lut/A->key/i1_4_lut/Z            SLICE_R12C5B       C0_TO_F0_DELAY      0.476                 14.263  2       
key/n4                                                       NET DELAY           0.304                 14.567  2       
key/i2_2_lut/B->key/i2_2_lut/Z            SLICE_R12C5B       C1_TO_F1_DELAY      0.476                 15.043  1       
key/counting/n882                                            NET DELAY           0.304                 15.347  1       
key/counting/i144_4_lut/A->key/counting/i144_4_lut/Z
                                          SLICE_R12C5C       C0_TO_F0_DELAY      0.449                 15.796  24      
key/counting/n4                                              NET DELAY           3.595                 19.391  24      
key/counting/i531_2_lut/B->key/counting/i531_2_lut/Z
                                          SLICE_R14C5A       B0_TO_F0_DELAY      0.476                 19.867  1       
key/counting/n39[11]                                         NET DELAY           0.000                 19.867  1       
key/counting/counter__i11/D                                  ENDPOINT            0.000                 19.867  1       


Destination Clock Path
Name                                      Cell/Site Name     Delay Name       Incr      Arrival/Required Time  Fanout  
----------------------------------------  -----------------  ---------------  --------  ---------------------  ------  
                                                             CONSTRAINT          0.000                 41.666  1       
hf_osc/CLKHF                              HFOSC_HFOSC_R1C32  CLOCK LATENCY       0.000                 41.666  13      
key/counting/int_osc                                         NET DELAY           5.499                 47.165  13      
{key/counting/counter__i11/CK   key/counting/counter__i10/CK}
                                                             CLOCK PIN           0.000                 47.165  1       
                                                             Uncertainty      -(0.000)                 47.165  
                                                             Setup time       -(0.198)                 46.967  
----------------------------------------  -----------------  ---------------  --------  ---------------------  ------  
Required Time                                                                                          46.967  
Arrival Time                                                                                        -(19.866)  
----------------------------------------  -----------------  ---------------  --------  ---------------------  ------  
Path Slack  (Passed)                                                                                   27.100  




++++ Path 9 ++++++++++++++++++++++++++++++++++++++++++++++++++++++++++ 

Path Begin       : key/counting/counter__i13/Q  (SLICE_R14C5C)
Path End         : key/counting/counter__i13/D  (SLICE_R14C5C)
Source Clock     : int_osc (R)
Destination Clock: int_osc (R)
Logic Level      : 7
Delay Ratio      : 70.8% (route), 29.2% (logic)
Clock Skew       : 0.000 ns 
Setup Constraint : 41.666 ns 
Path Slack       : 27.100 ns  (Passed)


Source Clock Path
Name                                      Cell/Site Name     Delay Name       Incr      Arrival/Required Time  Fanout  
----------------------------------------  -----------------  ---------------  --------  ---------------------  ------  
hf_osc/CLKHF                              HFOSC_HFOSC_R1C32  CLOCK LATENCY       0.000                  0.000  13      
key/counting/int_osc                                         NET DELAY           5.499                  5.499  13      
{key/counting/counter__i13/CK   key/counting/counter__i12/CK}
                                                             CLOCK PIN           0.000                  5.499  1       


Data Path
Name                                      Cell/Site Name     Delay Name       Incr      Arrival/Required Time  Fanout  
----------------------------------------  -----------------  ---------------  --------  ---------------------  ------  
key/counting/counter__i13/CK->key/counting/counter__i13/Q
                                          SLICE_R14C5C       CLK_TO_Q0_DELAY     1.388                  6.887  5       
key/counting/count[13]                                       NET DELAY           3.186                 10.073  5       
key/i2_3_lut/A->key/i2_3_lut/Z            SLICE_R12C4A       B0_TO_F0_DELAY      0.449                 10.522  2       
key/n360                                                     NET DELAY           2.485                 13.007  2       
key/i608_4_lut/B->key/i608_4_lut/Z        SLICE_R12C5A       B1_TO_F1_DELAY      0.476                 13.483  1       
key/n640                                                     NET DELAY           0.304                 13.787  1       
key/i1_4_lut/A->key/i1_4_lut/Z            SLICE_R12C5B       C0_TO_F0_DELAY      0.476                 14.263  2       
key/n4                                                       NET DELAY           0.304                 14.567  2       
key/i2_2_lut/B->key/i2_2_lut/Z            SLICE_R12C5B       C1_TO_F1_DELAY      0.476                 15.043  1       
key/counting/n882                                            NET DELAY           0.304                 15.347  1       
key/counting/i144_4_lut/A->key/counting/i144_4_lut/Z
                                          SLICE_R12C5C       C0_TO_F0_DELAY      0.449                 15.796  24      
key/counting/n4                                              NET DELAY           3.595                 19.391  24      
key/counting/i465_2_lut/B->key/counting/i465_2_lut/Z
                                          SLICE_R14C5C       B0_TO_F0_DELAY      0.476                 19.867  1       
key/counting/n39[13]                                         NET DELAY           0.000                 19.867  1       
key/counting/counter__i13/D                                  ENDPOINT            0.000                 19.867  1       


Destination Clock Path
Name                                      Cell/Site Name     Delay Name       Incr      Arrival/Required Time  Fanout  
----------------------------------------  -----------------  ---------------  --------  ---------------------  ------  
                                                             CONSTRAINT          0.000                 41.666  1       
hf_osc/CLKHF                              HFOSC_HFOSC_R1C32  CLOCK LATENCY       0.000                 41.666  13      
key/counting/int_osc                                         NET DELAY           5.499                 47.165  13      
{key/counting/counter__i13/CK   key/counting/counter__i12/CK}
                                                             CLOCK PIN           0.000                 47.165  1       
                                                             Uncertainty      -(0.000)                 47.165  
                                                             Setup time       -(0.198)                 46.967  
----------------------------------------  -----------------  ---------------  --------  ---------------------  ------  
Required Time                                                                                          46.967  
Arrival Time                                                                                        -(19.866)  
----------------------------------------  -----------------  ---------------  --------  ---------------------  ------  
Path Slack  (Passed)                                                                                   27.100  




++++ Path 10 ++++++++++++++++++++++++++++++++++++++++++++++++++++++++++ 

Path Begin       : key/counting/counter__i13/Q  (SLICE_R14C5C)
Path End         : key/counting/counter__i1/D  (SLICE_R14C4C)
Source Clock     : int_osc (R)
Destination Clock: int_osc (R)
Logic Level      : 7
Delay Ratio      : 70.8% (route), 29.2% (logic)
Clock Skew       : 0.000 ns 
Setup Constraint : 41.666 ns 
Path Slack       : 27.126 ns  (Passed)


Source Clock Path
Name                                      Cell/Site Name     Delay Name       Incr      Arrival/Required Time  Fanout  
----------------------------------------  -----------------  ---------------  --------  ---------------------  ------  
hf_osc/CLKHF                              HFOSC_HFOSC_R1C32  CLOCK LATENCY       0.000                  0.000  13      
key/counting/int_osc                                         NET DELAY           5.499                  5.499  13      
{key/counting/counter__i13/CK   key/counting/counter__i12/CK}
                                                             CLOCK PIN           0.000                  5.499  1       


Data Path
Name                                      Cell/Site Name     Delay Name       Incr      Arrival/Required Time  Fanout  
----------------------------------------  -----------------  ---------------  --------  ---------------------  ------  
key/counting/counter__i13/CK->key/counting/counter__i13/Q
                                          SLICE_R14C5C       CLK_TO_Q0_DELAY     1.388                  6.887  5       
key/counting/count[13]                                       NET DELAY           3.186                 10.073  5       
key/i2_3_lut/A->key/i2_3_lut/Z            SLICE_R12C4A       B0_TO_F0_DELAY      0.449                 10.522  2       
key/n360                                                     NET DELAY           2.485                 13.007  2       
key/i608_4_lut/B->key/i608_4_lut/Z        SLICE_R12C5A       B1_TO_F1_DELAY      0.476                 13.483  1       
key/n640                                                     NET DELAY           0.304                 13.787  1       
key/i1_4_lut/A->key/i1_4_lut/Z            SLICE_R12C5B       C0_TO_F0_DELAY      0.476                 14.263  2       
key/n4                                                       NET DELAY           0.304                 14.567  2       
key/i2_2_lut/B->key/i2_2_lut/Z            SLICE_R12C5B       C1_TO_F1_DELAY      0.476                 15.043  1       
key/counting/n882                                            NET DELAY           0.304                 15.347  1       
key/counting/i144_4_lut/A->key/counting/i144_4_lut/Z
                                          SLICE_R12C5C       C0_TO_F0_DELAY      0.449                 15.796  24      
key/counting/n4                                              NET DELAY           3.569                 19.365  24      
key/counting/i566_2_lut/B->key/counting/i566_2_lut/Z
                                          SLICE_R14C4C       C1_TO_F1_DELAY      0.476                 19.841  1       
key/counting/n39[1]                                          NET DELAY           0.000                 19.841  1       
key/counting/counter__i1/D                                   ENDPOINT            0.000                 19.841  1       


Destination Clock Path
Name                                      Cell/Site Name     Delay Name       Incr      Arrival/Required Time  Fanout  
----------------------------------------  -----------------  ---------------  --------  ---------------------  ------  
                                                             CONSTRAINT          0.000                 41.666  1       
hf_osc/CLKHF                              HFOSC_HFOSC_R1C32  CLOCK LATENCY       0.000                 41.666  13      
key/counting/int_osc                                         NET DELAY           5.499                 47.165  13      
{key/counting/counter__i0/CK   key/counting/counter__i1/CK}
                                                             CLOCK PIN           0.000                 47.165  1       
                                                             Uncertainty      -(0.000)                 47.165  
                                                             Setup time       -(0.198)                 46.967  
----------------------------------------  -----------------  ---------------  --------  ---------------------  ------  
Required Time                                                                                          46.967  
Arrival Time                                                                                        -(19.840)  
----------------------------------------  -----------------  ---------------  --------  ---------------------  ------  
Path Slack  (Passed)                                                                                   27.126  



+++++++++++++++++++++++++++++++++++++++++++++++++++++++++++++++++++++ 
                    End of Detailed Report for timing paths 
+++++++++++++++++++++++++++++++++++++++++++++++++++++++++++++++++++++ 


##########################################################



===============================================================
3  Hold at Speed Grade m Corner at -40 Degrees
===============================================================

3.1  Endpoint slacks
=======================
-------------------------------------------------------
          Listing 10 End Points          |    Slack    
-------------------------------------------------------
key/counting/counter__i14/D              |    3.114 ns 
key/counting/counter__i16/D              |    3.114 ns 
key/counting/counter__i20/D              |    3.114 ns 
key/counting/counter__i15/D              |    3.143 ns 
key/counting/counter__i17/D              |    3.143 ns 
key/counting/counter__i19/D              |    3.143 ns 
key/counting/counter__i18/D              |    3.143 ns 
key/counting/counter__i21/D              |    3.143 ns 
key/counting/counter__i22/D              |    3.143 ns 
key/counting/counter__i23/D              |    3.143 ns 
-------------------------------------------------------
                                         |             
Hold # of endpoints with negative slack: |           0 
                                         |             
-------------------------------------------------------

3.2  Detailed Report
=======================


XXXXXXXXXXXXXXXXXXXXXXXXXXXXXXXXXXXXXXXXXXXXXXXXXXXXXXXXXX

Detail report of critical paths

XXXXXXXXXXXXXXXXXXXXXXXXXXXXXXXXXXXXXXXXXXXXXXXXXXXXXXXXXX

+++++++++++++++++++++++++++++++++++++++++++++++++++++++++++++++++++++ 
                    Detailed Report for timing paths 
+++++++++++++++++++++++++++++++++++++++++++++++++++++++++++++++++++++ 

++++ Path 1 ++++++++++++++++++++++++++++++++++++++++++++++++++++++++++ 

Path Begin       : key/counting/counter__i21/Q  (SLICE_R12C6C)
Path End         : key/counting/counter__i14/D  (SLICE_R12C4B)
Source Clock     : int_osc (R)
Destination Clock: int_osc (R)
Logic Level      : 3
Delay Ratio      : 58.3% (route), 41.7% (logic)
Clock Skew       : 0.000 ns 
Hold Constraint  : 0.000 ns 
Path Slack       : 3.114 ns  (Passed)


Source Clock Path
Name                                      Cell/Site Name     Delay Name       Incr   Arrival/Required Time  Fanout  
----------------------------------------  -----------------  ---------------  -----  ---------------------  ------  
hf_osc/CLKHF                              HFOSC_HFOSC_R1C32  CLOCK LATENCY    0.000                  0.000  14      
key/counting/int_osc                                         NET DELAY        3.084                  3.084  14      
{key/counting/counter__i21/CK   key/counting/counter__i20/CK}
                                                             CLOCK PIN        0.000                  3.084  1       


Data Path
Name                                      Cell/Site Name     Delay Name       Incr   Arrival/Required Time  Fanout  
----------------------------------------  -----------------  ---------------  -----  ---------------------  ------  
key/counting/counter__i21/CK->key/counting/counter__i21/Q
                                          SLICE_R12C6C       CLK_TO_Q0_DELAY  0.779                  3.863  8       
key/counting/count[21]                                       NET DELAY        0.712                  4.575  8       
key/counting/i144_4_lut/D->key/counting/i144_4_lut/Z
                                          SLICE_R12C5C       D0_TO_F0_DELAY   0.266                  4.841  24      
key/counting/n4                                              NET DELAY        1.105                  5.946  24      
key/counting/i480_2_lut/B->key/counting/i480_2_lut/Z
                                          SLICE_R12C4B       C1_TO_F1_DELAY   0.252                  6.198  1       
key/counting/n39[14]                                         NET DELAY        0.000                  6.198  1       
key/counting/counter__i14/D                                  ENDPOINT         0.000                  6.198  1       


Destination Clock Path
Name                                      Cell/Site Name     Delay Name       Incr   Arrival/Required Time  Fanout  
----------------------------------------  -----------------  ---------------  -----  ---------------------  ------  
                                                             CONSTRAINT       0.000                  0.000  1       
hf_osc/CLKHF                              HFOSC_HFOSC_R1C32  CLOCK LATENCY    0.000                  0.000  14      
key/counting/int_osc                                         NET DELAY        3.084                  3.084  14      
{key/counting/counter__i15/CK   key/counting/counter__i14/CK}
                                                             CLOCK PIN        0.000                  3.084  1       
                                                             Uncertainty      0.000                  3.084  
                                                             Hold time        0.000                  3.084  
----------------------------------------  -----------------  ---------------  -----  ---------------------  ------  
Required Time                                                                                       -3.084  
Arrival Time                                                                                         6.198  
----------------------------------------  -----------------  ---------------  -----  ---------------------  ------  
Path Slack  (Passed)                                                                                 3.114  




++++ Path 2 ++++++++++++++++++++++++++++++++++++++++++++++++++++++++++ 

Path Begin       : key/counting/counter__i21/Q  (SLICE_R12C6C)
Path End         : key/counting/counter__i16/D  (SLICE_R12C6D)
Source Clock     : int_osc (R)
Destination Clock: int_osc (R)
Logic Level      : 3
Delay Ratio      : 58.3% (route), 41.7% (logic)
Clock Skew       : 0.000 ns 
Hold Constraint  : 0.000 ns 
Path Slack       : 3.114 ns  (Passed)


Source Clock Path
Name                                      Cell/Site Name     Delay Name       Incr   Arrival/Required Time  Fanout  
----------------------------------------  -----------------  ---------------  -----  ---------------------  ------  
hf_osc/CLKHF                              HFOSC_HFOSC_R1C32  CLOCK LATENCY    0.000                  0.000  14      
key/counting/int_osc                                         NET DELAY        3.084                  3.084  14      
{key/counting/counter__i21/CK   key/counting/counter__i20/CK}
                                                             CLOCK PIN        0.000                  3.084  1       


Data Path
Name                                      Cell/Site Name     Delay Name       Incr   Arrival/Required Time  Fanout  
----------------------------------------  -----------------  ---------------  -----  ---------------------  ------  
key/counting/counter__i21/CK->key/counting/counter__i21/Q
                                          SLICE_R12C6C       CLK_TO_Q0_DELAY  0.779                  3.863  8       
key/counting/count[21]                                       NET DELAY        0.712                  4.575  8       
key/counting/i144_4_lut/D->key/counting/i144_4_lut/Z
                                          SLICE_R12C5C       D0_TO_F0_DELAY   0.266                  4.841  24      
key/counting/n4                                              NET DELAY        1.105                  5.946  24      
key/counting/i476_2_lut/B->key/counting/i476_2_lut/Z
                                          SLICE_R12C6D       C1_TO_F1_DELAY   0.252                  6.198  1       
key/counting/n39[16]                                         NET DELAY        0.000                  6.198  1       
key/counting/counter__i16/D                                  ENDPOINT         0.000                  6.198  1       


Destination Clock Path
Name                                      Cell/Site Name     Delay Name       Incr   Arrival/Required Time  Fanout  
----------------------------------------  -----------------  ---------------  -----  ---------------------  ------  
                                                             CONSTRAINT       0.000                  0.000  1       
hf_osc/CLKHF                              HFOSC_HFOSC_R1C32  CLOCK LATENCY    0.000                  0.000  14      
key/counting/int_osc                                         NET DELAY        3.084                  3.084  14      
{key/counting/counter__i17/CK   key/counting/counter__i16/CK}
                                                             CLOCK PIN        0.000                  3.084  1       
                                                             Uncertainty      0.000                  3.084  
                                                             Hold time        0.000                  3.084  
----------------------------------------  -----------------  ---------------  -----  ---------------------  ------  
Required Time                                                                                       -3.084  
Arrival Time                                                                                         6.198  
----------------------------------------  -----------------  ---------------  -----  ---------------------  ------  
Path Slack  (Passed)                                                                                 3.114  




++++ Path 3 ++++++++++++++++++++++++++++++++++++++++++++++++++++++++++ 

Path Begin       : key/counting/counter__i21/Q  (SLICE_R12C6C)
Path End         : key/counting/counter__i20/D  (SLICE_R12C6C)
Source Clock     : int_osc (R)
Destination Clock: int_osc (R)
Logic Level      : 3
Delay Ratio      : 58.3% (route), 41.7% (logic)
Clock Skew       : 0.000 ns 
Hold Constraint  : 0.000 ns 
Path Slack       : 3.114 ns  (Passed)


Source Clock Path
Name                                      Cell/Site Name     Delay Name       Incr   Arrival/Required Time  Fanout  
----------------------------------------  -----------------  ---------------  -----  ---------------------  ------  
hf_osc/CLKHF                              HFOSC_HFOSC_R1C32  CLOCK LATENCY    0.000                  0.000  14      
key/counting/int_osc                                         NET DELAY        3.084                  3.084  14      
{key/counting/counter__i21/CK   key/counting/counter__i20/CK}
                                                             CLOCK PIN        0.000                  3.084  1       


Data Path
Name                                      Cell/Site Name     Delay Name       Incr   Arrival/Required Time  Fanout  
----------------------------------------  -----------------  ---------------  -----  ---------------------  ------  
key/counting/counter__i21/CK->key/counting/counter__i21/Q
                                          SLICE_R12C6C       CLK_TO_Q0_DELAY  0.779                  3.863  8       
key/counting/count[21]                                       NET DELAY        0.712                  4.575  8       
key/counting/i144_4_lut/D->key/counting/i144_4_lut/Z
                                          SLICE_R12C5C       D0_TO_F0_DELAY   0.266                  4.841  24      
key/counting/n4                                              NET DELAY        1.105                  5.946  24      
key/counting/i471_2_lut/B->key/counting/i471_2_lut/Z
                                          SLICE_R12C6C       C1_TO_F1_DELAY   0.252                  6.198  1       
key/counting/n39[20]                                         NET DELAY        0.000                  6.198  1       
key/counting/counter__i20/D                                  ENDPOINT         0.000                  6.198  1       


Destination Clock Path
Name                                      Cell/Site Name     Delay Name       Incr   Arrival/Required Time  Fanout  
----------------------------------------  -----------------  ---------------  -----  ---------------------  ------  
                                                             CONSTRAINT       0.000                  0.000  1       
hf_osc/CLKHF                              HFOSC_HFOSC_R1C32  CLOCK LATENCY    0.000                  0.000  14      
key/counting/int_osc                                         NET DELAY        3.084                  3.084  14      
{key/counting/counter__i21/CK   key/counting/counter__i20/CK}
                                                             CLOCK PIN        0.000                  3.084  1       
                                                             Uncertainty      0.000                  3.084  
                                                             Hold time        0.000                  3.084  
----------------------------------------  -----------------  ---------------  -----  ---------------------  ------  
Required Time                                                                                       -3.084  
Arrival Time                                                                                         6.198  
----------------------------------------  -----------------  ---------------  -----  ---------------------  ------  
Path Slack  (Passed)                                                                                 3.114  




++++ Path 4 ++++++++++++++++++++++++++++++++++++++++++++++++++++++++++ 

Path Begin       : key/counting/counter__i21/Q  (SLICE_R12C6C)
Path End         : key/counting/counter__i15/D  (SLICE_R12C4B)
Source Clock     : int_osc (R)
Destination Clock: int_osc (R)
Logic Level      : 3
Delay Ratio      : 58.7% (route), 41.3% (logic)
Clock Skew       : 0.000 ns 
Hold Constraint  : 0.000 ns 
Path Slack       : 3.143 ns  (Passed)


Source Clock Path
Name                                      Cell/Site Name     Delay Name       Incr   Arrival/Required Time  Fanout  
----------------------------------------  -----------------  ---------------  -----  ---------------------  ------  
hf_osc/CLKHF                              HFOSC_HFOSC_R1C32  CLOCK LATENCY    0.000                  0.000  14      
key/counting/int_osc                                         NET DELAY        3.084                  3.084  14      
{key/counting/counter__i21/CK   key/counting/counter__i20/CK}
                                                             CLOCK PIN        0.000                  3.084  1       


Data Path
Name                                      Cell/Site Name     Delay Name       Incr   Arrival/Required Time  Fanout  
----------------------------------------  -----------------  ---------------  -----  ---------------------  ------  
key/counting/counter__i21/CK->key/counting/counter__i21/Q
                                          SLICE_R12C6C       CLK_TO_Q0_DELAY  0.779                  3.863  8       
key/counting/count[21]                                       NET DELAY        0.712                  4.575  8       
key/counting/i144_4_lut/D->key/counting/i144_4_lut/Z
                                          SLICE_R12C5C       D0_TO_F0_DELAY   0.266                  4.841  24      
key/counting/n4                                              NET DELAY        1.134                  5.975  24      
key/counting/i477_2_lut/B->key/counting/i477_2_lut/Z
                                          SLICE_R12C4B       B0_TO_F0_DELAY   0.252                  6.227  1       
key/counting/n39[15]                                         NET DELAY        0.000                  6.227  1       
key/counting/counter__i15/D                                  ENDPOINT         0.000                  6.227  1       


Destination Clock Path
Name                                      Cell/Site Name     Delay Name       Incr   Arrival/Required Time  Fanout  
----------------------------------------  -----------------  ---------------  -----  ---------------------  ------  
                                                             CONSTRAINT       0.000                  0.000  1       
hf_osc/CLKHF                              HFOSC_HFOSC_R1C32  CLOCK LATENCY    0.000                  0.000  14      
key/counting/int_osc                                         NET DELAY        3.084                  3.084  14      
{key/counting/counter__i15/CK   key/counting/counter__i14/CK}
                                                             CLOCK PIN        0.000                  3.084  1       
                                                             Uncertainty      0.000                  3.084  
                                                             Hold time        0.000                  3.084  
----------------------------------------  -----------------  ---------------  -----  ---------------------  ------  
Required Time                                                                                       -3.084  
Arrival Time                                                                                         6.227  
----------------------------------------  -----------------  ---------------  -----  ---------------------  ------  
Path Slack  (Passed)                                                                                 3.143  




++++ Path 5 ++++++++++++++++++++++++++++++++++++++++++++++++++++++++++ 

Path Begin       : key/counting/counter__i17/Q  (SLICE_R12C6D)
Path End         : key/counting/counter__i17/D  (SLICE_R12C6D)
Source Clock     : int_osc (R)
Destination Clock: int_osc (R)
Logic Level      : 3
Delay Ratio      : 58.7% (route), 41.3% (logic)
Clock Skew       : 0.000 ns 
Hold Constraint  : 0.000 ns 
Path Slack       : 3.143 ns  (Passed)


Source Clock Path
Name                                      Cell/Site Name     Delay Name       Incr   Arrival/Required Time  Fanout  
----------------------------------------  -----------------  ---------------  -----  ---------------------  ------  
hf_osc/CLKHF                              HFOSC_HFOSC_R1C32  CLOCK LATENCY    0.000                  0.000  14      
key/counting/int_osc                                         NET DELAY        3.084                  3.084  14      
{key/counting/counter__i17/CK   key/counting/counter__i16/CK}
                                                             CLOCK PIN        0.000                  3.084  1       


Data Path
Name                                      Cell/Site Name     Delay Name       Incr   Arrival/Required Time  Fanout  
----------------------------------------  -----------------  ---------------  -----  ---------------------  ------  
key/counting/counter__i17/CK->key/counting/counter__i17/Q
                                          SLICE_R12C6D       CLK_TO_Q0_DELAY  0.779                  3.863  6       
key/counting/count[17]                                       NET DELAY        0.912                  4.775  6       
key/counting/add_11_add_5_19/B0->key/counting/add_11_add_5_19/S0
                                          SLICE_R13C6B       B0_TO_F0_DELAY   0.266                  5.041  1       
key/counting/n127[17]                                        NET DELAY        0.934                  5.975  1       
key/counting/i474_2_lut/A->key/counting/i474_2_lut/Z
                                          SLICE_R12C6D       D0_TO_F0_DELAY   0.252                  6.227  1       
key/counting/n39[17]                                         NET DELAY        0.000                  6.227  1       
key/counting/counter__i17/D                                  ENDPOINT         0.000                  6.227  1       


Destination Clock Path
Name                                      Cell/Site Name     Delay Name       Incr   Arrival/Required Time  Fanout  
----------------------------------------  -----------------  ---------------  -----  ---------------------  ------  
                                                             CONSTRAINT       0.000                  0.000  1       
hf_osc/CLKHF                              HFOSC_HFOSC_R1C32  CLOCK LATENCY    0.000                  0.000  14      
key/counting/int_osc                                         NET DELAY        3.084                  3.084  14      
{key/counting/counter__i17/CK   key/counting/counter__i16/CK}
                                                             CLOCK PIN        0.000                  3.084  1       
                                                             Uncertainty      0.000                  3.084  
                                                             Hold time        0.000                  3.084  
----------------------------------------  -----------------  ---------------  -----  ---------------------  ------  
Required Time                                                                                       -3.084  
Arrival Time                                                                                         6.227  
----------------------------------------  -----------------  ---------------  -----  ---------------------  ------  
Path Slack  (Passed)                                                                                 3.143  




++++ Path 6 ++++++++++++++++++++++++++++++++++++++++++++++++++++++++++ 

Path Begin       : key/counting/counter__i19/Q  (SLICE_R14C6A)
Path End         : key/counting/counter__i19/D  (SLICE_R14C6A)
Source Clock     : int_osc (R)
Destination Clock: int_osc (R)
Logic Level      : 3
Delay Ratio      : 58.7% (route), 41.3% (logic)
Clock Skew       : 0.000 ns 
Hold Constraint  : 0.000 ns 
Path Slack       : 3.143 ns  (Passed)


Source Clock Path
Name                                      Cell/Site Name     Delay Name       Incr   Arrival/Required Time  Fanout  
----------------------------------------  -----------------  ---------------  -----  ---------------------  ------  
hf_osc/CLKHF                              HFOSC_HFOSC_R1C32  CLOCK LATENCY    0.000                  0.000  14      
key/counting/int_osc                                         NET DELAY        3.084                  3.084  14      
{key/counting/counter__i19/CK   key/counting/counter__i18/CK}
                                                             CLOCK PIN        0.000                  3.084  1       


Data Path
Name                                      Cell/Site Name     Delay Name       Incr   Arrival/Required Time  Fanout  
----------------------------------------  -----------------  ---------------  -----  ---------------------  ------  
key/counting/counter__i19/CK->key/counting/counter__i19/Q
                                          SLICE_R14C6A       CLK_TO_Q0_DELAY  0.779                  3.863  7       
key/counting/count[19]                                       NET DELAY        0.912                  4.775  7       
key/counting/add_11_add_5_21/B0->key/counting/add_11_add_5_21/S0
                                          SLICE_R13C6C       B0_TO_F0_DELAY   0.266                  5.041  1       
key/counting/n127[19]                                        NET DELAY        0.934                  5.975  1       
key/counting/i472_2_lut/A->key/counting/i472_2_lut/Z
                                          SLICE_R14C6A       D0_TO_F0_DELAY   0.252                  6.227  1       
key/counting/n39[19]                                         NET DELAY        0.000                  6.227  1       
key/counting/counter__i19/D                                  ENDPOINT         0.000                  6.227  1       


Destination Clock Path
Name                                      Cell/Site Name     Delay Name       Incr   Arrival/Required Time  Fanout  
----------------------------------------  -----------------  ---------------  -----  ---------------------  ------  
                                                             CONSTRAINT       0.000                  0.000  1       
hf_osc/CLKHF                              HFOSC_HFOSC_R1C32  CLOCK LATENCY    0.000                  0.000  14      
key/counting/int_osc                                         NET DELAY        3.084                  3.084  14      
{key/counting/counter__i19/CK   key/counting/counter__i18/CK}
                                                             CLOCK PIN        0.000                  3.084  1       
                                                             Uncertainty      0.000                  3.084  
                                                             Hold time        0.000                  3.084  
----------------------------------------  -----------------  ---------------  -----  ---------------------  ------  
Required Time                                                                                       -3.084  
Arrival Time                                                                                         6.227  
----------------------------------------  -----------------  ---------------  -----  ---------------------  ------  
Path Slack  (Passed)                                                                                 3.143  




++++ Path 7 ++++++++++++++++++++++++++++++++++++++++++++++++++++++++++ 

Path Begin       : key/counting/counter__i18/Q  (SLICE_R14C6A)
Path End         : key/counting/counter__i18/D  (SLICE_R14C6A)
Source Clock     : int_osc (R)
Destination Clock: int_osc (R)
Logic Level      : 3
Delay Ratio      : 58.7% (route), 41.3% (logic)
Clock Skew       : 0.000 ns 
Hold Constraint  : 0.000 ns 
Path Slack       : 3.143 ns  (Passed)


Source Clock Path
Name                                      Cell/Site Name     Delay Name       Incr   Arrival/Required Time  Fanout  
----------------------------------------  -----------------  ---------------  -----  ---------------------  ------  
hf_osc/CLKHF                              HFOSC_HFOSC_R1C32  CLOCK LATENCY    0.000                  0.000  14      
key/counting/int_osc                                         NET DELAY        3.084                  3.084  14      
{key/counting/counter__i19/CK   key/counting/counter__i18/CK}
                                                             CLOCK PIN        0.000                  3.084  1       


Data Path
Name                                      Cell/Site Name     Delay Name       Incr   Arrival/Required Time  Fanout  
----------------------------------------  -----------------  ---------------  -----  ---------------------  ------  
key/counting/counter__i18/CK->key/counting/counter__i18/Q
                                          SLICE_R14C6A       CLK_TO_Q1_DELAY  0.779                  3.863  6       
key/counting/count[18]                                       NET DELAY        0.912                  4.775  6       
key/counting/add_11_add_5_19/B1->key/counting/add_11_add_5_19/S1
                                          SLICE_R13C6B       B1_TO_F1_DELAY   0.266                  5.041  1       
key/counting/n127[18]                                        NET DELAY        0.934                  5.975  1       
key/counting/i473_2_lut/A->key/counting/i473_2_lut/Z
                                          SLICE_R14C6A       D1_TO_F1_DELAY   0.252                  6.227  1       
key/counting/n39[18]                                         NET DELAY        0.000                  6.227  1       
key/counting/counter__i18/D                                  ENDPOINT         0.000                  6.227  1       


Destination Clock Path
Name                                      Cell/Site Name     Delay Name       Incr   Arrival/Required Time  Fanout  
----------------------------------------  -----------------  ---------------  -----  ---------------------  ------  
                                                             CONSTRAINT       0.000                  0.000  1       
hf_osc/CLKHF                              HFOSC_HFOSC_R1C32  CLOCK LATENCY    0.000                  0.000  14      
key/counting/int_osc                                         NET DELAY        3.084                  3.084  14      
{key/counting/counter__i19/CK   key/counting/counter__i18/CK}
                                                             CLOCK PIN        0.000                  3.084  1       
                                                             Uncertainty      0.000                  3.084  
                                                             Hold time        0.000                  3.084  
----------------------------------------  -----------------  ---------------  -----  ---------------------  ------  
Required Time                                                                                       -3.084  
Arrival Time                                                                                         6.227  
----------------------------------------  -----------------  ---------------  -----  ---------------------  ------  
Path Slack  (Passed)                                                                                 3.143  




++++ Path 8 ++++++++++++++++++++++++++++++++++++++++++++++++++++++++++ 

Path Begin       : key/counting/counter__i21/Q  (SLICE_R12C6C)
Path End         : key/counting/counter__i21/D  (SLICE_R12C6C)
Source Clock     : int_osc (R)
Destination Clock: int_osc (R)
Logic Level      : 3
Delay Ratio      : 58.7% (route), 41.3% (logic)
Clock Skew       : 0.000 ns 
Hold Constraint  : 0.000 ns 
Path Slack       : 3.143 ns  (Passed)


Source Clock Path
Name                                      Cell/Site Name     Delay Name       Incr   Arrival/Required Time  Fanout  
----------------------------------------  -----------------  ---------------  -----  ---------------------  ------  
hf_osc/CLKHF                              HFOSC_HFOSC_R1C32  CLOCK LATENCY    0.000                  0.000  14      
key/counting/int_osc                                         NET DELAY        3.084                  3.084  14      
{key/counting/counter__i21/CK   key/counting/counter__i20/CK}
                                                             CLOCK PIN        0.000                  3.084  1       


Data Path
Name                                      Cell/Site Name     Delay Name       Incr   Arrival/Required Time  Fanout  
----------------------------------------  -----------------  ---------------  -----  ---------------------  ------  
key/counting/counter__i21/CK->key/counting/counter__i21/Q
                                          SLICE_R12C6C       CLK_TO_Q0_DELAY  0.779                  3.863  8       
key/counting/count[21]                                       NET DELAY        0.912                  4.775  8       
key/counting/add_11_add_5_23/B0->key/counting/add_11_add_5_23/S0
                                          SLICE_R13C6D       B0_TO_F0_DELAY   0.266                  5.041  1       
key/counting/n127[21]                                        NET DELAY        0.934                  5.975  1       
key/counting/i470_2_lut/A->key/counting/i470_2_lut/Z
                                          SLICE_R12C6C       D0_TO_F0_DELAY   0.252                  6.227  1       
key/counting/n39[21]                                         NET DELAY        0.000                  6.227  1       
key/counting/counter__i21/D                                  ENDPOINT         0.000                  6.227  1       


Destination Clock Path
Name                                      Cell/Site Name     Delay Name       Incr   Arrival/Required Time  Fanout  
----------------------------------------  -----------------  ---------------  -----  ---------------------  ------  
                                                             CONSTRAINT       0.000                  0.000  1       
hf_osc/CLKHF                              HFOSC_HFOSC_R1C32  CLOCK LATENCY    0.000                  0.000  14      
key/counting/int_osc                                         NET DELAY        3.084                  3.084  14      
{key/counting/counter__i21/CK   key/counting/counter__i20/CK}
                                                             CLOCK PIN        0.000                  3.084  1       
                                                             Uncertainty      0.000                  3.084  
                                                             Hold time        0.000                  3.084  
----------------------------------------  -----------------  ---------------  -----  ---------------------  ------  
Required Time                                                                                       -3.084  
Arrival Time                                                                                         6.227  
----------------------------------------  -----------------  ---------------  -----  ---------------------  ------  
Path Slack  (Passed)                                                                                 3.143  




++++ Path 9 ++++++++++++++++++++++++++++++++++++++++++++++++++++++++++ 

Path Begin       : key/counting/counter__i22/Q  (SLICE_R13C7B)
Path End         : key/counting/counter__i22/D  (SLICE_R13C7B)
Source Clock     : int_osc (R)
Destination Clock: int_osc (R)
Logic Level      : 3
Delay Ratio      : 58.7% (route), 41.3% (logic)
Clock Skew       : 0.000 ns 
Hold Constraint  : 0.000 ns 
Path Slack       : 3.143 ns  (Passed)


Source Clock Path
Name                                      Cell/Site Name     Delay Name       Incr   Arrival/Required Time  Fanout  
----------------------------------------  -----------------  ---------------  -----  ---------------------  ------  
hf_osc/CLKHF                              HFOSC_HFOSC_R1C32  CLOCK LATENCY    0.000                  0.000  14      
key/counting/int_osc                                         NET DELAY        3.084                  3.084  14      
{key/counting/counter__i22/CK   key/counting/counter__i23/CK}
                                                             CLOCK PIN        0.000                  3.084  1       


Data Path
Name                                      Cell/Site Name     Delay Name       Incr   Arrival/Required Time  Fanout  
----------------------------------------  -----------------  ---------------  -----  ---------------------  ------  
key/counting/counter__i22/CK->key/counting/counter__i22/Q
                                          SLICE_R13C7B       CLK_TO_Q0_DELAY  0.779                  3.863  7       
key/counting/count[22]                                       NET DELAY        0.912                  4.775  7       
key/counting/add_11_add_5_23/B1->key/counting/add_11_add_5_23/S1
                                          SLICE_R13C6D       B1_TO_F1_DELAY   0.266                  5.041  1       
key/counting/n127[22]                                        NET DELAY        0.934                  5.975  1       
key/counting/i468_2_lut/A->key/counting/i468_2_lut/Z
                                          SLICE_R13C7B       D0_TO_F0_DELAY   0.252                  6.227  1       
key/counting/n39[22]                                         NET DELAY        0.000                  6.227  1       
key/counting/counter__i22/D                                  ENDPOINT         0.000                  6.227  1       


Destination Clock Path
Name                                      Cell/Site Name     Delay Name       Incr   Arrival/Required Time  Fanout  
----------------------------------------  -----------------  ---------------  -----  ---------------------  ------  
                                                             CONSTRAINT       0.000                  0.000  1       
hf_osc/CLKHF                              HFOSC_HFOSC_R1C32  CLOCK LATENCY    0.000                  0.000  14      
key/counting/int_osc                                         NET DELAY        3.084                  3.084  14      
{key/counting/counter__i22/CK   key/counting/counter__i23/CK}
                                                             CLOCK PIN        0.000                  3.084  1       
                                                             Uncertainty      0.000                  3.084  
                                                             Hold time        0.000                  3.084  
----------------------------------------  -----------------  ---------------  -----  ---------------------  ------  
Required Time                                                                                       -3.084  
Arrival Time                                                                                         6.227  
----------------------------------------  -----------------  ---------------  -----  ---------------------  ------  
Path Slack  (Passed)                                                                                 3.143  




++++ Path 10 ++++++++++++++++++++++++++++++++++++++++++++++++++++++++++ 

Path Begin       : key/counting/counter__i23/Q  (SLICE_R13C7B)
Path End         : key/counting/counter__i23/D  (SLICE_R13C7B)
Source Clock     : int_osc (R)
Destination Clock: int_osc (R)
Logic Level      : 3
Delay Ratio      : 58.7% (route), 41.3% (logic)
Clock Skew       : 0.000 ns 
Hold Constraint  : 0.000 ns 
Path Slack       : 3.143 ns  (Passed)


Source Clock Path
Name                                      Cell/Site Name     Delay Name       Incr   Arrival/Required Time  Fanout  
----------------------------------------  -----------------  ---------------  -----  ---------------------  ------  
hf_osc/CLKHF                              HFOSC_HFOSC_R1C32  CLOCK LATENCY    0.000                  0.000  14      
key/counting/int_osc                                         NET DELAY        3.084                  3.084  14      
{key/counting/counter__i22/CK   key/counting/counter__i23/CK}
                                                             CLOCK PIN        0.000                  3.084  1       


Data Path
Name                                      Cell/Site Name     Delay Name       Incr   Arrival/Required Time  Fanout  
----------------------------------------  -----------------  ---------------  -----  ---------------------  ------  
key/counting/counter__i23/CK->key/counting/counter__i23/Q
                                          SLICE_R13C7B       CLK_TO_Q1_DELAY  0.779                  3.863  7       
key/counting/count[23]                                       NET DELAY        0.912                  4.775  7       
key/counting/add_11_add_5_25/B0->key/counting/add_11_add_5_25/S0
                                          SLICE_R13C7A       B0_TO_F0_DELAY   0.266                  5.041  1       
key/counting/n127[23]                                        NET DELAY        0.934                  5.975  1       
key/counting/i466_2_lut/A->key/counting/i466_2_lut/Z
                                          SLICE_R13C7B       D1_TO_F1_DELAY   0.252                  6.227  1       
key/counting/n39[23]                                         NET DELAY        0.000                  6.227  1       
key/counting/counter__i23/D                                  ENDPOINT         0.000                  6.227  1       


Destination Clock Path
Name                                      Cell/Site Name     Delay Name       Incr   Arrival/Required Time  Fanout  
----------------------------------------  -----------------  ---------------  -----  ---------------------  ------  
                                                             CONSTRAINT       0.000                  0.000  1       
hf_osc/CLKHF                              HFOSC_HFOSC_R1C32  CLOCK LATENCY    0.000                  0.000  14      
key/counting/int_osc                                         NET DELAY        3.084                  3.084  14      
{key/counting/counter__i22/CK   key/counting/counter__i23/CK}
                                                             CLOCK PIN        0.000                  3.084  1       
                                                             Uncertainty      0.000                  3.084  
                                                             Hold time        0.000                  3.084  
----------------------------------------  -----------------  ---------------  -----  ---------------------  ------  
Required Time                                                                                       -3.084  
Arrival Time                                                                                         6.227  
----------------------------------------  -----------------  ---------------  -----  ---------------------  ------  
Path Slack  (Passed)                                                                                 3.143  



+++++++++++++++++++++++++++++++++++++++++++++++++++++++++++++++++++++ 
                    End of Detailed Report for timing paths 
+++++++++++++++++++++++++++++++++++++++++++++++++++++++++++++++++++++ 


##########################################################



